{
  "format_version": "1.10.0",
  "minecraft:client_entity": {
    "description": {
      "identifier": "imitators:thelegged",
      "textures": {
        "default": "textures/entity/pamobile/imitators_thelegged"
      },
      "materials": {
        "default": "skeleton"
      },
      "geometry": {
        "default": "geometry.imitators_thelegged"
      },
      "render_controllers": [
        "controller.render.translucence"
      ],
      "spawn_egg": {
        "base_color": "#FFFFFF",
        "overlay_color": "#FFFFFF"
      },
      "animations": {
        "walk": "animation.imitators_thelegged.climb",
        "stand": "animation.imitators_thelegged.idle",
        "run": "animation.imitators_thelegged.run"
      },
      "scripts": {
        "animate": [
          "root",
          {
            "walk": "query.is_moving && query.modified_move_speed < 0.3"
          },
          {
            "run": "query.modified_move_speed > 0.3"
          },
          {
            "stand": "!query.is_moving"
          }
        ]
      }
    }
  }
}