{
  "format_version": "1.8.0",
  "minecraft:client_entity": {
    "description": {
      "identifier": "spotted:theteethed",
      "materials": {
        "default": "silverfish",
        "body_layer": "silverfish_layers"
      },
      "textures": {
        "default": "textures/entity/pamobile/spotted_theteethed"
      },
      "geometry": {
        "default": "geometry.spotted_theteethed"
      },
      "animations": {
        "move": "animation.spotted_theteethed.move"
      },
      "animation_controllers": [
        {
          "move": "controller.animation.spotted_theteethed.move"
        }
      ],
      "render_controllers": [
        "controller.render.silverfish"
      ],
      "spawn_egg": {
        "base_color": "#EA9A51",
        "overlay_color": "#FF0909"
      }
    }
  }
}