{
  "format_version": "1.8.0",
  "animations": {
    "animation.imitators_split1.run": {
      "loop": true,
      "animation_length": 0.5,
      "override_previous_animation": true,
      "bones": {
        "bone4": {
          "rotation": {
            "0.0": {
              "post": [
                -77.5,
                0,
                0
              ],
              "lerp_mode": "catmullrom"
            },
            "0.25": {
              "post": [
                45,
                0,
                0
              ],
              "lerp_mode": "catmullrom"
            },
            "0.5": {
              "post": [
                -77.5,
                0,
                0
              ],
              "lerp_mode": "catmullrom"
            }
          }
        },
        "bone11": {
          "rotation": {
            "0.0": {
              "post": [
                62.5,
                0,
                0
              ],
              "lerp_mode": "catmullrom"
            },
            "0.125": {
              "post": [
                77.81,
                0,
                0
              ],
              "lerp_mode": "catmullrom"
            },
            "0.25": {
              "post": [
                67.5,
                0,
                0
              ],
              "lerp_mode": "catmullrom"
            },
            "0.375": {
              "post": [
                135,
                0,
                0
              ],
              "lerp_mode": "catmullrom"
            },
            "0.5": {
              "post": [
                62.5,
                0,
                0
              ],
              "lerp_mode": "catmullrom"
            }
          }
        },
        "bone13": {
          "rotation": {
            "0.0": {
              "post": [
                10,
                0,
                0
              ],
              "lerp_mode": "catmullrom"
            },
            "0.125": {
              "post": [
                27.05,
                0,
                0
              ],
              "lerp_mode": "catmullrom"
            },
            "0.25": {
              "post": [
                -18.75,
                0,
                0
              ],
              "lerp_mode": "catmullrom"
            },
            "0.375": {
              "post": [
                -35.78,
                0,
                0
              ],
              "lerp_mode": "catmullrom"
            },
            "0.5": {
              "post": [
                7.5,
                0,
                0
              ],
              "lerp_mode": "catmullrom"
            }
          }
        },
        "bone3": {
          "rotation": {
            "0.0": {
              "post": [
                -60,
                0,
                0
              ],
              "lerp_mode": "catmullrom"
            },
            "0.25": {
              "post": [
                35,
                0,
                0
              ],
              "lerp_mode": "catmullrom"
            },
            "0.5": {
              "post": [
                -50,
                0,
                0
              ],
              "lerp_mode": "catmullrom"
            }
          }
        },
        "bone10": {
          "rotation": {
            "0.0": {
              "post": [
                72.5,
                0,
                0
              ],
              "lerp_mode": "catmullrom"
            },
            "0.125": {
              "post": [
                41.25,
                0,
                0
              ],
              "lerp_mode": "catmullrom"
            },
            "0.25": {
              "post": [
                90,
                0,
                0
              ],
              "lerp_mode": "catmullrom"
            },
            "0.375": {
              "post": [
                111.25,
                0,
                0
              ],
              "lerp_mode": "catmullrom"
            },
            "0.5": {
              "post": [
                72.5,
                0,
                0
              ],
              "lerp_mode": "catmullrom"
            }
          }
        },
        "bone12": {
          "rotation": {
            "0.0": {
              "post": [
                -22.5,
                0,
                0
              ],
              "lerp_mode": "catmullrom"
            },
            "0.125": {
              "post": [
                -27.5,
                0,
                0
              ],
              "lerp_mode": "catmullrom"
            },
            "0.25": {
              "post": [
                22.5,
                0,
                0
              ],
              "lerp_mode": "catmullrom"
            },
            "0.375": {
              "post": [
                40.94,
                0,
                0
              ],
              "lerp_mode": "catmullrom"
            },
            "0.5": {
              "post": [
                -22.5,
                0,
                0
              ],
              "lerp_mode": "catmullrom"
            }
          }
        },
        "bone5": {
          "rotation": {
            "0.0": {
              "post": [
                25,
                0,
                0
              ],
              "lerp_mode": "catmullrom"
            },
            "0.125": {
              "post": [
                54.33333,
                10.93869,
                6.0866
              ],
              "lerp_mode": "catmullrom"
            },
            "0.25": {
              "post": [
                70,
                0,
                0
              ],
              "lerp_mode": "catmullrom"
            },
            "0.375": {
              "post": [
                73.18718,
                -8.80348,
                -8.90928
              ],
              "lerp_mode": "catmullrom"
            },
            "0.5": {
              "post": [
                25,
                0,
                0
              ],
              "lerp_mode": "catmullrom"
            }
          },
          "position": {
            "0.0": {
              "post": [
                0,
                0,
                0
              ],
              "lerp_mode": "catmullrom"
            },
            "0.25": {
              "post": [
                0,
                -2,
                0
              ],
              "lerp_mode": "catmullrom"
            },
            "0.5": {
              "post": [
                0,
                0,
                0
              ],
              "lerp_mode": "catmullrom"
            }
          }
        },
        "bone2": {
          "rotation": {
            "0.0": {
              "post": [
                -74.65279,
                -12.06754,
                -3.28396
              ],
              "lerp_mode": "catmullrom"
            },
            "0.125": {
              "post": [
                -72.40906,
                -22.03295,
                -2.41328
              ],
              "lerp_mode": "catmullrom"
            },
            "0.25": {
              "post": [
                30.75028,
                -5.44155,
                -27.59338
              ],
              "lerp_mode": "catmullrom"
            },
            "0.375": {
              "post": [
                73.52853,
                19.91759,
                -18.71812
              ],
              "lerp_mode": "catmullrom"
            },
            "0.5": {
              "post": [
                -74.65279,
                -12.06754,
                -3.28396
              ],
              "lerp_mode": "catmullrom"
            }
          }
        },
        "bone8": {
          "rotation": {
            "0.0": {
              "post": [
                -35,
                0,
                0
              ],
              "lerp_mode": "catmullrom"
            },
            "0.125": {
              "post": [
                -96.25,
                0,
                0
              ],
              "lerp_mode": "catmullrom"
            },
            "0.25": {
              "post": [
                -67.5,
                0,
                0
              ],
              "lerp_mode": "catmullrom"
            },
            "0.375": {
              "post": [
                -88.75,
                0,
                0
              ],
              "lerp_mode": "catmullrom"
            },
            "0.5": {
              "post": [
                -35,
                0,
                0
              ],
              "lerp_mode": "catmullrom"
            }
          }
        },
        "bone": {
          "rotation": {
            "0.0": {
              "post": [
                -64.23074,
                13.56626,
                6.46066
              ],
              "lerp_mode": "catmullrom"
            },
            "0.125": {
              "post": [
                -68.87,
                -6.40257,
                8.73004
              ],
              "lerp_mode": "catmullrom"
            },
            "0.25": {
              "post": [
                35.20847,
                -0.91388,
                16.24455
              ],
              "lerp_mode": "catmullrom"
            },
            "0.375": {
              "post": [
                71.42389,
                -5.77986,
                1.38165
              ],
              "lerp_mode": "catmullrom"
            },
            "0.5": {
              "post": [
                -64.23074,
                13.56626,
                6.46066
              ],
              "lerp_mode": "catmullrom"
            }
          }
        },
        "bone9": {
          "rotation": {
            "0.0": {
              "post": [
                -40,
                0,
                0
              ],
              "lerp_mode": "catmullrom"
            },
            "0.125": {
              "post": [
                -95,
                0,
                0
              ],
              "lerp_mode": "catmullrom"
            },
            "0.25": {
              "post": [
                -65,
                0,
                0
              ],
              "lerp_mode": "catmullrom"
            },
            "0.375": {
              "post": [
                -124.69,
                0,
                0
              ],
              "lerp_mode": "catmullrom"
            },
            "0.5": {
              "post": [
                -40,
                0,
                0
              ],
              "lerp_mode": "catmullrom"
            }
          }
        },
        "bone6": {
          "rotation": {
            "0.0": [
              27.5,
              0,
              0
            ],
            "0.0417": [
              26.94093,
              -5.73576,
              11.12501
            ],
            "0.0833": [
              26.78944,
              6.2375,
              -12.14733
            ],
            "0.125": [
              26.82003,
              -5.81834,
              11.33755
            ],
            "0.1667": [
              28.0208,
              -8.65806,
              -9.72319
            ],
            "0.2083": [
              28.57819,
              -2.99335,
              0.30387
            ],
            "0.25": [
              26.42966,
              -11.95854,
              -14.13655
            ],
            "0.2917": [
              27.59912,
              -11.05157,
              17.56281
            ],
            "0.3333": [
              27.91202,
              7.91047,
              -16.80556
            ],
            "0.375": [
              26.15971,
              -11.15848,
              19.56532
            ],
            "0.4167": [
              27.41395,
              2.88498,
              -6.99138
            ],
            "0.4583": [
              26.75254,
              -6.58043,
              12.08547
            ],
            "0.5": [
              27.5,
              0,
              0
            ]
          }
        },
        "bone17": {
          "rotation": {
            "0.0": {
              "post": [
                -50,
                0,
                0
              ],
              "lerp_mode": "catmullrom"
            },
            "0.125": {
              "post": [
                -85,
                0,
                0
              ],
              "lerp_mode": "catmullrom"
            },
            "0.25": {
              "post": [
                -98.43,
                0,
                0
              ],
              "lerp_mode": "catmullrom"
            },
            "0.375": {
              "post": [
                -76.25697,
                10.33113,
                -36.25167
              ],
              "lerp_mode": "catmullrom"
            },
            "0.5": {
              "post": [
                -50,
                0,
                0
              ],
              "lerp_mode": "catmullrom"
            }
          }
        },
        "bone16": {
          "rotation": {
            "0.0": {
              "post": [
                0,
                32.5,
                0
              ],
              "lerp_mode": "catmullrom"
            },
            "0.125": {
              "post": [
                0,
                46.25,
                0
              ],
              "lerp_mode": "catmullrom"
            },
            "0.25": {
              "post": [
                0,
                60,
                0
              ],
              "lerp_mode": "catmullrom"
            },
            "0.375": {
              "post": [
                0,
                40.63,
                0
              ],
              "lerp_mode": "catmullrom"
            },
            "0.5": {
              "post": [
                0,
                32.5,
                0
              ],
              "lerp_mode": "catmullrom"
            }
          },
          "position": {
            "0.0": [
              0,
              0,
              0
            ],
            "0.25": [
              5,
              0,
              0
            ],
            "0.5": [
              0,
              0,
              0
            ]
          }
        },
        "bone15": {
          "rotation": {
            "0.0": {
              "post": [
                0,
                -37.5,
                0
              ],
              "lerp_mode": "catmullrom"
            },
            "0.125": {
              "post": [
                0,
                -47.5,
                0
              ],
              "lerp_mode": "catmullrom"
            },
            "0.25": {
              "post": [
                0,
                -50,
                0
              ],
              "lerp_mode": "catmullrom"
            },
            "0.375": {
              "post": [
                0,
                -32.19,
                0
              ],
              "lerp_mode": "catmullrom"
            },
            "0.5": {
              "post": [
                0,
                -37.5,
                0
              ],
              "lerp_mode": "catmullrom"
            }
          },
          "position": {
            "0.0": [
              0,
              0,
              0
            ],
            "0.25": [
              -5,
              0,
              0
            ],
            "0.5": [
              0,
              0,
              0
            ]
          }
        },
        "bone7": {
          "position": {
            "0.0": [
              0,
              -2,
              0
            ],
            "0.25": [
              0,
              0,
              0
            ],
            "0.5": [
              0,
              -2,
              0
            ]
          },
          "scale": {
            "0.0": [
              1.4,
              1.5,
              1
            ],
            "0.25": [
              0.8,
              1,
              1
            ],
            "0.5": [
              1.4,
              1.5,
              1
            ]
          }
        },
        "bone18": {
          "position": {
            "0.0": {
              "post": [
                0,
                0,
                24
              ],
              "lerp_mode": "catmullrom"
            },
            "0.125": {
              "post": [
                0,
                1,
                24
              ],
              "lerp_mode": "catmullrom"
            },
            "0.2083": {
              "post": [
                0,
                4.87,
                24
              ],
              "lerp_mode": "catmullrom"
            },
            "0.3333": {
              "post": [
                0,
                5.09,
                24
              ],
              "lerp_mode": "catmullrom"
            },
            "0.5": {
              "post": [
                0,
                0,
                24
              ],
              "lerp_mode": "catmullrom"
            }
          }
        }
      }
    },
    "animation.imitators_split1.idle": {
      "loop": true,
      "animation_length": 1,
      "override_previous_animation": true,
      "bones": {
        "bone18": {
          "position": {
            "0.0": [
              0,
              0,
              0
            ],
            "0.0417": [
              1,
              0,
              0
            ],
            "0.0833": [
              -1,
              0,
              0
            ],
            "0.125": [
              0,
              0,
              0
            ],
            "0.1667": [
              0,
              0,
              0
            ],
            "0.2083": [
              1,
              0,
              0
            ],
            "0.25": [
              0,
              0,
              0
            ],
            "0.2917": [
              -1,
              0,
              0
            ],
            "0.3333": [
              0,
              0,
              0
            ],
            "0.375": [
              1,
              0,
              0
            ],
            "0.4167": [
              0,
              0,
              0
            ],
            "0.4583": [
              -1,
              0,
              0
            ],
            "0.5": [
              0,
              0,
              0
            ]
          }
        },
        "bone4": {
          "rotation": {
            "0.0": [
              0,
              0,
              10
            ],
            "0.0417": [
              0,
              0,
              12.5
            ],
            "0.0833": [
              0,
              0,
              10
            ],
            "0.125": [
              0,
              0,
              12.5
            ],
            "0.1667": [
              0,
              0,
              12.5
            ],
            "0.2083": [
              0,
              0,
              15
            ],
            "0.25": [
              0,
              0,
              12.5
            ],
            "0.2917": [
              0,
              0,
              10
            ],
            "0.3333": [
              0,
              0,
              12.5
            ],
            "0.375": [
              0,
              0,
              15
            ],
            "0.4167": [
              0,
              0,
              12.5
            ],
            "0.4583": [
              0,
              0,
              10
            ],
            "0.5": [
              0,
              0,
              12.5
            ]
          }
        },
        "bone11": {
          "rotation": [
            0,
            0,
            -12.5
          ]
        },
        "bone3": {
          "rotation": {
            "0.0": [
              0,
              0,
              -10
            ],
            "0.0417": [
              0,
              0,
              -7.5
            ],
            "0.0833": [
              0,
              0,
              -10
            ],
            "0.125": [
              0,
              0,
              -7.5
            ],
            "0.1667": [
              0,
              0,
              -10
            ],
            "0.2083": [
              0,
              0,
              -7.5
            ],
            "0.25": [
              0,
              0,
              -10
            ],
            "0.2917": [
              0,
              0,
              -12.5
            ],
            "0.3333": [
              0,
              0,
              -10
            ],
            "0.375": [
              0,
              0,
              -7.5
            ],
            "0.4167": [
              0,
              0,
              -10
            ],
            "0.4583": [
              0,
              0,
              -12.5
            ],
            "0.5": [
              0,
              0,
              -10
            ]
          }
        },
        "bone10": {
          "rotation": [
            0,
            0,
            10
          ]
        },
        "bone5": {
          "rotation": {
            "0.0": [
              35,
              0,
              0
            ],
            "0.0417": [
              34.97437,
              1.43364,
              -2.04831
            ],
            "0.0833": [
              34.99767,
              -0.13033,
              0.18616
            ],
            "0.125": [
              34.97647,
              1.31634,
              -1.88072
            ],
            "0.1667": [
              34.99529,
              -0.26356,
              0.37646
            ],
            "0.2083": [
              34.97849,
              1.20302,
              -1.71882
            ],
            "0.25": [
              34.98181,
              -0.60702,
              0.86741
            ],
            "0.2917": [
              34.98484,
              -0.50585,
              0.72284
            ],
            "0.3333": [
              34.96732,
              0.16841,
              -0.24043
            ],
            "0.375": [
              34.96908,
              0.48472,
              -0.6923
            ],
            "0.4167": [
              34.96532,
              -1.10996,
              1.58703
            ],
            "0.4583": [
              34.93718,
              -1.98764,
              2.84285
            ],
            "0.5": [
              35,
              0,
              0
            ]
          }
        },
        "bone2": {
          "rotation": {
            "0.0": [
              7.5,
              0,
              -15
            ],
            "0.0417": [
              7.49294,
              -0.32621,
              -12.52136
            ],
            "0.0833": [
              7.49936,
              0.02966,
              -15.22533
            ],
            "0.125": [
              7.49352,
              -0.29952,
              -12.72416
            ],
            "0.1667": [
              7.4987,
              0.05997,
              -15.45566
            ],
            "0.2083": [
              7.49408,
              -0.27374,
              -12.92007
            ],
            "0.25": [
              7.49802,
              0.09158,
              -15.69584
            ],
            "0.2917": [
              7.48799,
              0.40239,
              -18.05853
            ],
            "0.3333": [
              7.49727,
              -0.00419,
              -14.96817
            ],
            "0.375": [
              7.49076,
              -0.32926,
              -12.49748
            ],
            "0.4167": [
              7.49628,
              0.10664,
              -15.81029
            ],
            "0.4583": [
              7.49339,
              -0.27286,
              -12.92651
            ],
            "0.5": [
              7.5,
              0,
              -15
            ]
          }
        },
        "bone8": {
          "rotation": [
            -82.47168,
            4.95712,
            0.65426
          ]
        },
        "bone": {
          "rotation": {
            "0.0": [
              5,
              0,
              15
            ],
            "0.0417": [
              4.99527,
              -0.21782,
              17.4905
            ],
            "0.0833": [
              4.99527,
              0.21782,
              12.5095
            ],
            "0.125": [
              5,
              0,
              15
            ],
            "0.1667": [
              3.44428,
              -0.66153,
              12.76962
            ],
            "0.2083": [
              4.99527,
              0.21782,
              12.5095
            ],
            "0.25": [
              4.98107,
              0.43523,
              10.01893
            ],
            "0.2917": [
              4.99527,
              0.21782,
              12.5095
            ],
            "0.3333": [
              4.99621,
              -0.17426,
              16.9924
            ],
            "0.375": [
              4.98793,
              -0.29381,
              18.36221
            ],
            "0.4167": [
              4.98218,
              0.31159,
              11.43026
            ],
            "0.4583": [
              4.9725,
              0.48179,
              9.47927
            ],
            "0.5": [
              5,
              0,
              15
            ]
          }
        },
        "bone9": {
          "rotation": [
            -82.47168,
            -4.95712,
            -0.65426
          ]
        },
        "bone6": {
          "rotation": [
            20,
            0,
            0
          ]
        },
        "bone17": {
          "rotation": {
            "0.0": [
              -30,
              0,
              0
            ],
            "0.0417": [
              -26.56505,
              -14.47751,
              -26.56505
            ],
            "0.0833": [
              -29.97638,
              -1.2497,
              -2.16541
            ],
            "0.125": [
              -29.9693,
              1.37449,
              2.38206
            ],
            "0.1667": [
              -29.9811,
              -0.99976,
              -1.73233
            ],
            "0.5": [
              -30,
              0,
              0
            ]
          }
        },
        "bone16": {
          "position": {
            "0.0": [
              5,
              0,
              0
            ],
            "0.25": [
              5,
              0,
              0
            ],
            "0.5": [
              5,
              0,
              0
            ]
          }
        },
        "bone15": {
          "position": [
            -5,
            0,
            0
          ]
        },
        "bone7": {
          "scale": [
            0.5,
            1,
            1
          ]
        }
      }
    },
    "animation.imitators_split1.spotted": {
      "animation_length": 2,
      "override_previous_animation": true,
      "bones": {
        "bone18": {
          "rotation": {
            "0.0": [
              0,
              0,
              0
            ],
            "1.8333": [
              0,
              0,
              0
            ],
            "2.0": [
              -7.5,
              0,
              0
            ]
          },
          "position": {
            "0.0": [
              0,
              0,
              0
            ],
            "1.8333": [
              0,
              0,
              0
            ],
            "2.0": [
              0,
              0,
              25
            ]
          }
        },
        "bone4": {
          "rotation": {
            "0.0": [
              0,
              0,
              0
            ],
            "0.1667": [
              0,
              0,
              12.5
            ],
            "1.8333": [
              0,
              0,
              12.5
            ],
            "2.0": [
              -30,
              0,
              12.5
            ]
          }
        },
        "bone11": {
          "rotation": {
            "0.0": [
              0,
              0,
              0
            ],
            "0.1667": [
              0,
              0,
              -15
            ],
            "1.8333": [
              0,
              0,
              -15
            ],
            "2.0": [
              92.5,
              0,
              -15
            ]
          }
        },
        "bone13": {
          "rotation": {
            "0.0": [
              0,
              0,
              0
            ],
            "1.8333": [
              0,
              0,
              0
            ]
          }
        },
        "bone3": {
          "rotation": {
            "0.0": [
              0,
              0,
              0
            ],
            "0.1667": [
              0,
              0,
              -15
            ],
            "1.8333": [
              0,
              0,
              -15
            ],
            "2.0": [
              -60,
              0,
              -15
            ]
          }
        },
        "bone10": {
          "rotation": {
            "0.0": [
              0,
              0,
              0
            ],
            "0.1667": [
              0,
              0,
              15
            ],
            "1.8333": [
              0,
              0,
              15
            ],
            "2.0": [
              122.29997,
              -0.50945,
              15.82694
            ]
          }
        },
        "bone12": {
          "rotation": {
            "0.0": [
              0,
              0,
              0
            ],
            "1.8333": [
              0,
              0,
              0
            ]
          }
        },
        "bone5": {
          "rotation": {
            "0.0": [
              0,
              0,
              0
            ],
            "0.1667": [
              30,
              0,
              0
            ],
            "0.3333": [
              30.27557,
              7.14082,
              -7.01885
            ],
            "0.75": [
              85,
              0,
              0
            ],
            "1.3333": [
              97.5,
              0,
              0
            ],
            "1.8333": [
              97.5,
              0,
              0
            ],
            "2.0": [
              52.5,
              0,
              0
            ]
          }
        },
        "bone2": {
          "rotation": {
            "0.0": [
              0,
              0,
              0
            ],
            "0.1667": [
              -2.55024,
              10.72243,
              -15.83015
            ],
            "0.75": [
              1.62255,
              1.76545,
              -83.25888
            ],
            "1.3333": [
              4.13866,
              -8.23052,
              -83.54353
            ],
            "1.8333": [
              4.13866,
              -8.23052,
              -83.54353
            ],
            "2.0": [
              -71.06742,
              -6.93675,
              -15.37755
            ]
          }
        },
        "bone8": {
          "rotation": {
            "0.0": [
              0,
              0,
              0
            ],
            "0.1667": [
              -70,
              0,
              0
            ],
            "0.75": [
              -95,
              0,
              0
            ],
            "1.8333": [
              -95,
              0,
              0
            ],
            "2.0": [
              -95.06443,
              -11.80079,
              8.56664
            ]
          }
        },
        "bone": {
          "rotation": {
            "0.0": [
              0,
              0,
              0
            ],
            "0.1667": [
              -4.26288,
              -15.01695,
              24.67017
            ],
            "0.75": [
              1.90644,
              -2.49057,
              90.15822
            ],
            "1.3333": [
              9.47657,
              7.37465,
              91.79809
            ],
            "1.8333": [
              9.47657,
              7.37465,
              91.79809
            ],
            "2.0": [
              -98.77788,
              11.53769,
              -2.17188
            ]
          }
        },
        "bone9": {
          "rotation": {
            "0.0": [
              0,
              0,
              0
            ],
            "0.1667": [
              -60,
              0,
              0
            ],
            "0.75": [
              -102.5,
              0,
              0
            ],
            "1.8333": [
              -102.5,
              0,
              0
            ],
            "2.0": [
              -80,
              0,
              0
            ]
          }
        },
        "bone6": {
          "rotation": {
            "0.0": [
              0,
              0,
              0
            ],
            "0.1667": [
              25,
              0,
              0
            ],
            "0.75": [
              12.5,
              0,
              0
            ],
            "1.8333": [
              12.5,
              0,
              0
            ]
          }
        },
        "bone17": {
          "rotation": {
            "0.0": [
              0,
              0,
              0
            ],
            "0.1667": [
              -25,
              0,
              0
            ],
            "0.75": [
              -80,
              0,
              0
            ],
            "1.3333": [
              -105,
              0,
              0
            ]
          },
          "position": {
            "0.0": [
              0,
              0,
              0
            ],
            "1.3333": [
              0,
              3,
              0
            ]
          }
        },
        "bone16": {
          "rotation": {
            "0.0": [
              0,
              0,
              0
            ],
            "0.75": [
              0,
              37.5,
              0
            ],
            "0.7917": [
              0,
              30,
              0
            ],
            "0.8333": [
              0,
              42.5,
              0
            ],
            "0.875": [
              0,
              40,
              0
            ],
            "0.9167": [
              0,
              35,
              0
            ],
            "1.0": [
              0,
              42.5,
              0
            ],
            "1.3333": [
              0,
              50,
              0
            ],
            "1.8333": [
              0,
              50,
              0
            ],
            "2.0": [
              0,
              7.5,
              0
            ]
          },
          "position": {
            "0.0": [
              5,
              0,
              0
            ],
            "0.1667": [
              5,
              0,
              0
            ],
            "0.75": [
              2,
              0,
              0
            ]
          }
        },
        "bone15": {
          "rotation": {
            "0.0": [
              0,
              0,
              0
            ],
            "0.75": [
              0,
              -35,
              0
            ],
            "0.7917": [
              0,
              -45,
              0
            ],
            "0.8333": [
              0,
              -37.5,
              0
            ],
            "0.875": [
              0,
              -40,
              0
            ],
            "0.9167": [
              0,
              -27.5,
              0
            ],
            "1.0": [
              0,
              -37.5,
              0
            ],
            "1.3333": [
              0,
              -42.5,
              0
            ],
            "1.8333": [
              0,
              -42.5,
              0
            ],
            "2.0": [
              0,
              -15,
              0
            ]
          },
          "position": {
            "0.0": [
              -5,
              0,
              0
            ],
            "0.1667": [
              -5,
              0,
              0
            ],
            "0.75": [
              -3,
              0,
              0
            ]
          }
        },
        "bone7": {
          "position": {
            "0.0": [
              0,
              0,
              0
            ],
            "0.75": [
              1,
              0,
              0
            ]
          },
          "scale": {
            "0.0": [
              0.1,
              1,
              1
            ],
            "0.1667": [
              0.5,
              1,
              1
            ],
            "0.75": [
              1,
              1,
              1
            ],
            "1.3333": [
              1.3,
              1,
              1
            ],
            "1.8333": [
              1.3,
              1,
              1
            ]
          }
        }
      }
    },
    "animation.imitators_split1.climb": {
      "loop": true,
      "animation_length": 0.5,
      "override_previous_animation": true,
      "bones": {
        "bone4": {
          "rotation": {
            "0.0": {
              "post": [
                -77.5,
                0,
                0
              ],
              "lerp_mode": "catmullrom"
            },
            "0.25": {
              "post": [
                45,
                0,
                0
              ],
              "lerp_mode": "catmullrom"
            },
            "0.5": {
              "post": [
                -77.5,
                0,
                0
              ],
              "lerp_mode": "catmullrom"
            }
          }
        },
        "bone11": {
          "rotation": {
            "0.0": {
              "post": [
                62.5,
                0,
                0
              ],
              "lerp_mode": "catmullrom"
            },
            "0.125": {
              "post": [
                77.81,
                0,
                0
              ],
              "lerp_mode": "catmullrom"
            },
            "0.25": {
              "post": [
                67.5,
                0,
                0
              ],
              "lerp_mode": "catmullrom"
            },
            "0.375": {
              "post": [
                135,
                0,
                0
              ],
              "lerp_mode": "catmullrom"
            },
            "0.5": {
              "post": [
                62.5,
                0,
                0
              ],
              "lerp_mode": "catmullrom"
            }
          }
        },
        "bone13": {
          "rotation": {
            "0.0": {
              "post": [
                10,
                0,
                0
              ],
              "lerp_mode": "catmullrom"
            },
            "0.125": {
              "post": [
                27.05,
                0,
                0
              ],
              "lerp_mode": "catmullrom"
            },
            "0.25": {
              "post": [
                -18.75,
                0,
                0
              ],
              "lerp_mode": "catmullrom"
            },
            "0.375": {
              "post": [
                -35.78,
                0,
                0
              ],
              "lerp_mode": "catmullrom"
            },
            "0.5": {
              "post": [
                7.5,
                0,
                0
              ],
              "lerp_mode": "catmullrom"
            }
          }
        },
        "bone3": {
          "rotation": {
            "0.0": {
              "post": [
                -60,
                0,
                0
              ],
              "lerp_mode": "catmullrom"
            },
            "0.25": {
              "post": [
                35,
                0,
                0
              ],
              "lerp_mode": "catmullrom"
            },
            "0.5": {
              "post": [
                -50,
                0,
                0
              ],
              "lerp_mode": "catmullrom"
            }
          }
        },
        "bone10": {
          "rotation": {
            "0.0": {
              "post": [
                72.5,
                0,
                0
              ],
              "lerp_mode": "catmullrom"
            },
            "0.125": {
              "post": [
                41.25,
                0,
                0
              ],
              "lerp_mode": "catmullrom"
            },
            "0.25": {
              "post": [
                90,
                0,
                0
              ],
              "lerp_mode": "catmullrom"
            },
            "0.375": {
              "post": [
                111.25,
                0,
                0
              ],
              "lerp_mode": "catmullrom"
            },
            "0.5": {
              "post": [
                72.5,
                0,
                0
              ],
              "lerp_mode": "catmullrom"
            }
          }
        },
        "bone12": {
          "rotation": {
            "0.0": {
              "post": [
                -22.5,
                0,
                0
              ],
              "lerp_mode": "catmullrom"
            },
            "0.125": {
              "post": [
                -27.5,
                0,
                0
              ],
              "lerp_mode": "catmullrom"
            },
            "0.25": {
              "post": [
                22.5,
                0,
                0
              ],
              "lerp_mode": "catmullrom"
            },
            "0.375": {
              "post": [
                40.94,
                0,
                0
              ],
              "lerp_mode": "catmullrom"
            },
            "0.5": {
              "post": [
                -22.5,
                0,
                0
              ],
              "lerp_mode": "catmullrom"
            }
          }
        },
        "bone5": {
          "rotation": {
            "0.0": {
              "post": [
                25,
                0,
                0
              ],
              "lerp_mode": "catmullrom"
            },
            "0.125": {
              "post": [
                54.33333,
                10.93869,
                6.0866
              ],
              "lerp_mode": "catmullrom"
            },
            "0.25": {
              "post": [
                70,
                0,
                0
              ],
              "lerp_mode": "catmullrom"
            },
            "0.375": {
              "post": [
                73.18718,
                -8.80348,
                -8.90928
              ],
              "lerp_mode": "catmullrom"
            },
            "0.5": {
              "post": [
                25,
                0,
                0
              ],
              "lerp_mode": "catmullrom"
            }
          },
          "position": {
            "0.0": {
              "post": [
                0,
                0,
                0
              ],
              "lerp_mode": "catmullrom"
            },
            "0.25": {
              "post": [
                0,
                -2,
                0
              ],
              "lerp_mode": "catmullrom"
            },
            "0.5": {
              "post": [
                0,
                0,
                0
              ],
              "lerp_mode": "catmullrom"
            }
          }
        },
        "bone2": {
          "rotation": {
            "0.0": {
              "post": [
                -74.65279,
                -12.06754,
                -3.28396
              ],
              "lerp_mode": "catmullrom"
            },
            "0.125": {
              "post": [
                -72.40906,
                -22.03295,
                -2.41328
              ],
              "lerp_mode": "catmullrom"
            },
            "0.25": {
              "post": [
                30.75028,
                -5.44155,
                -27.59338
              ],
              "lerp_mode": "catmullrom"
            },
            "0.375": {
              "post": [
                73.52853,
                19.91759,
                -18.71812
              ],
              "lerp_mode": "catmullrom"
            },
            "0.5": {
              "post": [
                -74.65279,
                -12.06754,
                -3.28396
              ],
              "lerp_mode": "catmullrom"
            }
          }
        },
        "bone8": {
          "rotation": {
            "0.0": {
              "post": [
                -35,
                0,
                0
              ],
              "lerp_mode": "catmullrom"
            },
            "0.125": {
              "post": [
                -96.25,
                0,
                0
              ],
              "lerp_mode": "catmullrom"
            },
            "0.25": {
              "post": [
                -67.5,
                0,
                0
              ],
              "lerp_mode": "catmullrom"
            },
            "0.375": {
              "post": [
                -88.75,
                0,
                0
              ],
              "lerp_mode": "catmullrom"
            },
            "0.5": {
              "post": [
                -35,
                0,
                0
              ],
              "lerp_mode": "catmullrom"
            }
          }
        },
        "bone": {
          "rotation": {
            "0.0": {
              "post": [
                -64.23074,
                13.56626,
                6.46066
              ],
              "lerp_mode": "catmullrom"
            },
            "0.125": {
              "post": [
                -68.87,
                -6.40257,
                8.73004
              ],
              "lerp_mode": "catmullrom"
            },
            "0.25": {
              "post": [
                35.20847,
                -0.91388,
                16.24455
              ],
              "lerp_mode": "catmullrom"
            },
            "0.375": {
              "post": [
                71.42389,
                -5.77986,
                1.38165
              ],
              "lerp_mode": "catmullrom"
            },
            "0.5": {
              "post": [
                -64.23074,
                13.56626,
                6.46066
              ],
              "lerp_mode": "catmullrom"
            }
          }
        },
        "bone9": {
          "rotation": {
            "0.0": {
              "post": [
                -40,
                0,
                0
              ],
              "lerp_mode": "catmullrom"
            },
            "0.125": {
              "post": [
                -95,
                0,
                0
              ],
              "lerp_mode": "catmullrom"
            },
            "0.25": {
              "post": [
                -65,
                0,
                0
              ],
              "lerp_mode": "catmullrom"
            },
            "0.375": {
              "post": [
                -124.69,
                0,
                0
              ],
              "lerp_mode": "catmullrom"
            },
            "0.5": {
              "post": [
                -40,
                0,
                0
              ],
              "lerp_mode": "catmullrom"
            }
          }
        },
        "bone6": {
          "rotation": {
            "0.0": [
              27.5,
              0,
              0
            ],
            "0.0417": [
              26.94093,
              -5.73576,
              11.12501
            ],
            "0.0833": [
              26.78944,
              6.2375,
              -12.14733
            ],
            "0.125": [
              26.82003,
              -5.81834,
              11.33755
            ],
            "0.1667": [
              28.0208,
              -8.65806,
              -9.72319
            ],
            "0.2083": [
              28.57819,
              -2.99335,
              0.30387
            ],
            "0.25": [
              26.42966,
              -11.95854,
              -14.13655
            ],
            "0.2917": [
              27.59912,
              -11.05157,
              17.56281
            ],
            "0.3333": [
              27.91202,
              7.91047,
              -16.80556
            ],
            "0.375": [
              26.15971,
              -11.15848,
              19.56532
            ],
            "0.4167": [
              27.41395,
              2.88498,
              -6.99138
            ],
            "0.4583": [
              26.75254,
              -6.58043,
              12.08547
            ],
            "0.5": [
              27.5,
              0,
              0
            ]
          }
        },
        "bone17": {
          "rotation": {
            "0.0": {
              "post": [
                -50,
                0,
                0
              ],
              "lerp_mode": "catmullrom"
            },
            "0.125": {
              "post": [
                -85,
                0,
                0
              ],
              "lerp_mode": "catmullrom"
            },
            "0.25": {
              "post": [
                -98.43,
                0,
                0
              ],
              "lerp_mode": "catmullrom"
            },
            "0.375": {
              "post": [
                -76.25697,
                10.33113,
                -36.25167
              ],
              "lerp_mode": "catmullrom"
            },
            "0.5": {
              "post": [
                -50,
                0,
                0
              ],
              "lerp_mode": "catmullrom"
            }
          }
        },
        "bone16": {
          "rotation": {
            "0.0": {
              "post": [
                0,
                32.5,
                0
              ],
              "lerp_mode": "catmullrom"
            },
            "0.125": {
              "post": [
                0,
                46.25,
                0
              ],
              "lerp_mode": "catmullrom"
            },
            "0.25": {
              "post": [
                0,
                60,
                0
              ],
              "lerp_mode": "catmullrom"
            },
            "0.375": {
              "post": [
                0,
                40.63,
                0
              ],
              "lerp_mode": "catmullrom"
            },
            "0.5": {
              "post": [
                0,
                32.5,
                0
              ],
              "lerp_mode": "catmullrom"
            }
          },
          "position": {
            "0.0": [
              0,
              0,
              0
            ],
            "0.25": [
              5,
              0,
              0
            ],
            "0.5": [
              0,
              0,
              0
            ]
          }
        },
        "bone15": {
          "rotation": {
            "0.0": {
              "post": [
                0,
                -37.5,
                0
              ],
              "lerp_mode": "catmullrom"
            },
            "0.125": {
              "post": [
                0,
                -47.5,
                0
              ],
              "lerp_mode": "catmullrom"
            },
            "0.25": {
              "post": [
                0,
                -50,
                0
              ],
              "lerp_mode": "catmullrom"
            },
            "0.375": {
              "post": [
                0,
                -32.19,
                0
              ],
              "lerp_mode": "catmullrom"
            },
            "0.5": {
              "post": [
                0,
                -37.5,
                0
              ],
              "lerp_mode": "catmullrom"
            }
          },
          "position": {
            "0.0": [
              0,
              0,
              0
            ],
            "0.25": [
              -5,
              0,
              0
            ],
            "0.5": [
              0,
              0,
              0
            ]
          }
        },
        "bone7": {
          "position": {
            "0.0": [
              0,
              -2,
              0
            ],
            "0.25": [
              0,
              0,
              0
            ],
            "0.5": [
              0,
              -2,
              0
            ]
          },
          "scale": {
            "0.0": [
              1.4,
              1.5,
              1
            ],
            "0.25": [
              0.8,
              1,
              1
            ],
            "0.5": [
              1.4,
              1.5,
              1
            ]
          }
        },
        "bone18": {
          "rotation": [
            -90,
            0,
            0
          ],
          "position": [
            0,
            -13,
            -8
          ]
        }
      }
    }
  }
}