{
  "format_version": "1.8.0",
  "animations": {
    "animation.imitators_grinning_chase.idle": {
      "loop": true,
      "animation_length": 0.25,
      "override_previous_animation": true,
      "bones": {
        "bone5": {
          "rotation": {
            "0.0": [
              0,
              30,
              0
            ],
            "0.0417": [
              0,
              27.5,
              0
            ],
            "0.0833": [
              0,
              30,
              0
            ],
            "0.125": [
              0,
              27.5,
              0
            ],
            "0.1667": [
              0,
              30,
              0
            ],
            "0.2083": [
              0,
              27.5,
              0
            ],
            "0.25": [
              0,
              30,
              0
            ]
          },
          "position": [
            0,
            0,
            0
          ]
        },
        "bone6": {
          "scale": [
            1,
            0,
            1
          ]
        },
        "bone2": {
          "rotation": {
            "0.0": [
              0,
              0,
              0
            ],
            "0.25": [
              0,
              0,
              0
            ]
          }
        },
        "bone9": {
          "position": [
            0,
            -314,
            0
          ]
        },
        "bone": {
          "rotation": {
            "0.0": [
              0,
              0,
              0
            ],
            "0.25": [
              0,
              0,
              0
            ]
          }
        },
        "bone10": {
          "position": [
            0,
            -590,
            0
          ]
        },
        "bone3": {
          "position": [
            0,
            -365,
            0
          ]
        },
        "bone11": {
          "position": [
            0,
            377,
            0
          ]
        },
        "bone4": {
          "position": [
            0,
            -215,
            0
          ]
        },
        "bone12": {
          "position": [
            0,
            227,
            0
          ]
        },
        "bone7": {
          "rotation": {
            "0.0": [
              0,
              -27.5,
              0
            ],
            "0.0417": [
              2.59775,
              -27.38656,
              -5.63304
            ],
            "0.0833": [
              0,
              -27.5,
              0
            ],
            "0.125": [
              1.30078,
              -27.47162,
              -2.81797
            ],
            "0.1667": [
              1.30078,
              -27.47162,
              -2.81797
            ],
            "0.2083": [
              3.88714,
              -27.24513,
              -8.44236
            ],
            "0.25": [
              1.30078,
              -27.47162,
              -2.81797
            ]
          },
          "position": [
            0,
            -12,
            0
          ]
        },
        "bone8": {
          "scale": [
            1,
            1,
            1
          ]
        }
      }
    },
    "animation.imitators_grinning_chase.idle2": {
      "loop": true,
      "animation_length": 0.25,
      "override_previous_animation": true,
      "bones": {
        "bone5": {
          "rotation": {
            "0.0": [
              90,
              10,
              0
            ],
            "0.0417": [
              90,
              7.5,
              0
            ],
            "0.0833": [
              90,
              10,
              0
            ],
            "0.125": [
              90,
              7.5,
              0
            ],
            "0.1667": [
              90,
              10,
              0
            ],
            "0.2083": [
              90,
              7.5,
              0
            ],
            "0.25": [
              90,
              10,
              0
            ]
          },
          "position": [
            1,
            -5,
            15
          ]
        },
        "bone6": {
          "rotation": {
            "0.0": [
              -32.5,
              0,
              0
            ],
            "0.0417": [
              -32.47528,
              -1.34295,
              -2.10886
            ],
            "0.0833": [
              -32.5,
              0,
              0
            ],
            "0.125": [
              -32.47528,
              -1.34295,
              -2.10886
            ],
            "0.1667": [
              -32.5,
              0,
              0
            ],
            "0.2083": [
              -32.27733,
              -4.02155,
              -6.33586
            ],
            "0.25": [
              -32.40109,
              -2.68407,
              -4.22005
            ]
          },
          "scale": [
            1,
            1.1,
            1
          ]
        },
        "bone2": {
          "rotation": {
            "0.0": [
              29.9055,
              -2.49762,
              116.83287
            ],
            "0.0417": [
              30,
              0,
              112.5
            ],
            "0.0833": [
              29.84884,
              -2.99429,
              117.70208
            ],
            "0.125": [
              29.98582,
              -0.37464,
              113.14996
            ],
            "0.1667": [
              29.78267,
              -3.57373,
              118.71659
            ],
            "0.2083": [
              29.93542,
              -1.78969,
              115.60539
            ],
            "0.25": [
              29.9055,
              -2.49762,
              116.83287
            ]
          }
        },
        "bone9": {
          "rotation": [
            -115,
            0,
            0
          ]
        },
        "bone": {
          "rotation": {
            "0.0": [
              27.5,
              0,
              -100
            ],
            "0.0417": [
              27.32894,
              -1.09923,
              -101.50185
            ],
            "0.0833": [
              26.93334,
              -3.89193,
              -99.65212
            ],
            "0.125": [
              26.71715,
              -4.38363,
              -102.24485
            ],
            "0.1667": [
              26.33644,
              -4.05748,
              -93.66038
            ],
            "0.2083": [
              26.81718,
              -3.15871,
              -94.59781
            ],
            "0.25": [
              27.5,
              0,
              -100
            ]
          }
        },
        "bone10": {
          "rotation": [
            -115,
            0,
            0
          ]
        },
        "bone3": {
          "rotation": {
            "0.0": [
              22.33864,
              1.61916,
              -79.19078
            ],
            "0.0417": [
              22.38479,
              0.6679,
              -76.87834
            ],
            "0.0833": [
              22.29636,
              2.09347,
              -80.348
            ],
            "0.125": [
              22.33864,
              1.61916,
              -79.19078
            ],
            "0.1667": [
              22.38479,
              0.6679,
              -76.87834
            ],
            "0.2083": [
              22.29636,
              2.09347,
              -80.348
            ],
            "0.25": [
              22.33864,
              1.61916,
              -79.19078
            ]
          }
        },
        "bone11": {
          "rotation": [
            -112.5,
            0,
            0
          ]
        },
        "bone4": {
          "rotation": [
            25,
            0,
            55
          ]
        },
        "bone12": {
          "rotation": [
            -115,
            0,
            0
          ]
        },
        "bone7": {
          "rotation": {
            "0.0": [
              -85.21783,
              -2.57594,
              9.6658
            ],
            "0.0417": [
              -85.22267,
              -0.08463,
              9.87415
            ],
            "0.0833": [
              -85.21783,
              -2.57594,
              9.6658
            ],
            "0.125": [
              -85.22267,
              -0.08463,
              9.87415
            ],
            "0.1667": [
              -85.21783,
              -2.57594,
              9.6658
            ],
            "0.2083": [
              -85.20389,
              -5.06721,
              9.45663
            ],
            "0.25": [
              -85.21783,
              -2.57594,
              9.6658
            ]
          },
          "position": [
            0,
            0,
            4
          ]
        },
        "bone8": {
          "scale": {
            "0.0": [
              1,
              1.1,
              1
            ],
            "0.125": [
              1,
              1.2,
              1
            ],
            "0.25": [
              1,
              1.1,
              1
            ]
          }
        }
      }
    },
    "animation.imitators_grinning_chase.run": {
      "loop": true,
      "animation_length": 0.5,
      "override_previous_animation": true,
      "bones": {
        "bone5": {
          "rotation": {
            "0.0": [
              90,
              0,
              0
            ],
            "0.0417": [
              90,
              -2.5,
              0
            ],
            "0.0833": [
              90,
              0,
              0
            ],
            "0.125": [
              90,
              -2.5,
              0
            ],
            "0.1667": [
              90,
              0,
              0
            ],
            "0.2083": [
              90,
              -2.5,
              0
            ],
            "0.25": [
              90,
              0,
              0
            ],
            "0.2917": [
              90,
              -2.5,
              0
            ],
            "0.3333": [
              90,
              0,
              0
            ],
            "0.375": [
              90,
              -2.5,
              0
            ],
            "0.4167": [
              90,
              0,
              0
            ],
            "0.4583": [
              90,
              -2.5,
              0
            ],
            "0.5": [
              90,
              0,
              0
            ]
          },
          "position": {
            "0.0": {
              "post": [
                -4,
                -4,
                18
              ],
              "lerp_mode": "catmullrom"
            },
            "0.25": {
              "post": [
                1,
                -4,
                18
              ],
              "lerp_mode": "catmullrom"
            },
            "0.5": {
              "post": [
                -4,
                -4,
                18
              ],
              "lerp_mode": "catmullrom"
            }
          }
        },
        "bone6": {
          "rotation": {
            "0.0": {
              "post": [
                -20,
                0,
                0
              ],
              "lerp_mode": "catmullrom"
            },
            "0.0417": {
              "post": [
                -20.72268,
                0.8851,
                2.33817
              ],
              "lerp_mode": "catmullrom"
            },
            "0.0833": {
              "post": [
                -24.83908,
                0.80721,
                2.13241
              ],
              "lerp_mode": "catmullrom"
            },
            "0.125": {
              "post": [
                -31.36318,
                1.93997,
                3.81946
              ],
              "lerp_mode": "catmullrom"
            },
            "0.1667": {
              "post": [
                -29.3422,
                0.13051,
                0.68848
              ],
              "lerp_mode": "catmullrom"
            },
            "0.2083": {
              "post": [
                -30.14428,
                -1.30391,
                -2.01318
              ],
              "lerp_mode": "catmullrom"
            },
            "0.25": {
              "post": [
                -30,
                0,
                0
              ],
              "lerp_mode": "catmullrom"
            },
            "0.2917": {
              "post": [
                -28.69249,
                -2.33984,
                -4.29532
              ],
              "lerp_mode": "catmullrom"
            },
            "0.3333": {
              "post": [
                -27.35361,
                0.14745,
                0.48813
              ],
              "lerp_mode": "catmullrom"
            },
            "0.375": {
              "post": [
                -25.74883,
                0.27165,
                0.67052
              ],
              "lerp_mode": "catmullrom"
            },
            "0.4167": {
              "post": [
                -23.87294,
                1.18002,
                2.68476
              ],
              "lerp_mode": "catmullrom"
            },
            "0.4583": {
              "post": [
                -21.7313,
                1.51809,
                3.64448
              ],
              "lerp_mode": "catmullrom"
            },
            "0.5": {
              "post": [
                -20,
                0,
                0
              ],
              "lerp_mode": "catmullrom"
            }
          }
        },
        "bone2": {
          "rotation": {
            "0.0": {
              "post": [
                24.85915,
                -1.77857,
                147.7075
              ],
              "lerp_mode": "catmullrom"
            },
            "0.25": {
              "post": [
                12.97615,
                1.17432,
                71.5893
              ],
              "lerp_mode": "catmullrom"
            },
            "0.375": {
              "post": [
                53.91765,
                -0.30212,
                109.6484
              ],
              "lerp_mode": "catmullrom"
            },
            "0.5": {
              "post": [
                24.85915,
                -1.77857,
                147.7075
              ],
              "lerp_mode": "catmullrom"
            }
          }
        },
        "bone9": {
          "rotation": {
            "0.0": {
              "post": [
                -112.5,
                0,
                0
              ],
              "lerp_mode": "catmullrom"
            },
            "0.25": {
              "post": [
                -88.06277,
                -33.29419,
                21.27494
              ],
              "lerp_mode": "catmullrom"
            },
            "0.375": {
              "post": [
                -120.83363,
                70.51064,
                -21.70433
              ],
              "lerp_mode": "catmullrom"
            },
            "0.5": {
              "post": [
                -112.5,
                0,
                0
              ],
              "lerp_mode": "catmullrom"
            }
          }
        },
        "bone": {
          "rotation": {
            "0.0": {
              "post": [
                25,
                0,
                -30
              ],
              "lerp_mode": "catmullrom"
            },
            "0.125": {
              "post": [
                56.30912,
                -4.22722,
                -82.42825
              ],
              "lerp_mode": "catmullrom"
            },
            "0.25": {
              "post": [
                7.61824,
                -8.45444,
                -134.8565
              ],
              "lerp_mode": "catmullrom"
            },
            "0.5": {
              "post": [
                25,
                0,
                -30
              ],
              "lerp_mode": "catmullrom"
            }
          }
        },
        "bone10": {
          "rotation": {
            "0.0": {
              "post": [
                -114.56202,
                22.9824,
                -10.11783
              ],
              "lerp_mode": "catmullrom"
            },
            "0.125": {
              "post": [
                -94.24918,
                -47.32413,
                -5.111
              ],
              "lerp_mode": "catmullrom"
            },
            "0.25": {
              "post": [
                -73.26366,
                5.188,
                -16.73634
              ],
              "lerp_mode": "catmullrom"
            },
            "0.375": {
              "post": [
                -92.82706,
                -18.63536,
                -7.45467
              ],
              "lerp_mode": "catmullrom"
            },
            "0.5": {
              "post": [
                -114.56202,
                22.9824,
                -10.11783
              ],
              "lerp_mode": "catmullrom"
            }
          }
        },
        "bone3": {
          "rotation": {
            "0.0": {
              "post": [
                7.5,
                0,
                -32.5
              ],
              "lerp_mode": "catmullrom"
            },
            "0.125": {
              "post": [
                56.66388,
                9.92151,
                -62.80029
              ],
              "lerp_mode": "catmullrom"
            },
            "0.25": {
              "post": [
                10.82777,
                19.84302,
                -93.10058
              ],
              "lerp_mode": "catmullrom"
            },
            "0.5": {
              "post": [
                7.5,
                0,
                -32.5
              ],
              "lerp_mode": "catmullrom"
            }
          }
        },
        "bone11": {
          "rotation": {
            "0.0": {
              "post": [
                -102.02015,
                46.04179,
                -22.17599
              ],
              "lerp_mode": "catmullrom"
            },
            "0.125": {
              "post": [
                -120.4003,
                -55.01218,
                30.49887
              ],
              "lerp_mode": "catmullrom"
            },
            "0.25": {
              "post": [
                -107.39769,
                -50.33155,
                26.03345
              ],
              "lerp_mode": "catmullrom"
            },
            "0.375": {
              "post": [
                -115.16007,
                -49.55243,
                24.03258
              ],
              "lerp_mode": "catmullrom"
            },
            "0.5": {
              "post": [
                -102.02015,
                46.04179,
                -22.17599
              ],
              "lerp_mode": "catmullrom"
            }
          }
        },
        "bone4": {
          "rotation": {
            "0.0": {
              "post": [
                20,
                0,
                117.5
              ],
              "lerp_mode": "catmullrom"
            },
            "0.25": {
              "post": [
                2.83941,
                -8.53884,
                48.76113
              ],
              "lerp_mode": "catmullrom"
            },
            "0.375": {
              "post": [
                38.91971,
                -4.26942,
                83.13057
              ],
              "lerp_mode": "catmullrom"
            },
            "0.5": {
              "post": [
                20,
                0,
                117.5
              ],
              "lerp_mode": "catmullrom"
            }
          }
        },
        "bone12": {
          "rotation": {
            "0.0": {
              "post": [
                -110,
                0,
                0
              ],
              "lerp_mode": "catmullrom"
            },
            "0.25": {
              "post": [
                -78.5432,
                -32.61461,
                -13.46783
              ],
              "lerp_mode": "catmullrom"
            },
            "0.375": {
              "post": [
                -97.33184,
                55.93175,
                -14.01927
              ],
              "lerp_mode": "catmullrom"
            },
            "0.5": {
              "post": [
                -110,
                0,
                0
              ],
              "lerp_mode": "catmullrom"
            }
          }
        },
        "bone7": {
          "rotation": {
            "0.0": {
              "post": [
                -70.0273,
                40.73565,
                13.34199
              ],
              "lerp_mode": "catmullrom"
            },
            "0.0417": {
              "post": [
                -67.51818,
                43.05273,
                14.60333
              ],
              "lerp_mode": "catmullrom"
            },
            "0.0833": {
              "post": [
                -67.22997,
                33.73475,
                9.23266
              ],
              "lerp_mode": "catmullrom"
            },
            "0.125": {
              "post": [
                -59.88129,
                41.08315,
                14.24821
              ],
              "lerp_mode": "catmullrom"
            },
            "0.1667": {
              "post": [
                -58.12987,
                35.26606,
                9.06951
              ],
              "lerp_mode": "catmullrom"
            },
            "0.2083": {
              "post": [
                -45.44284,
                45.13088,
                19.73237
              ],
              "lerp_mode": "catmullrom"
            },
            "0.25": {
              "post": [
                -47.5273,
                40.73565,
                13.34199
              ],
              "lerp_mode": "catmullrom"
            },
            "0.2917": {
              "post": [
                -53.92066,
                34.52609,
                7.15973
              ],
              "lerp_mode": "catmullrom"
            },
            "0.3333": {
              "post": [
                -55.80776,
                37.11584,
                9.39914
              ],
              "lerp_mode": "catmullrom"
            },
            "0.375": {
              "post": [
                -59.84434,
                35.82764,
                8.73496
              ],
              "lerp_mode": "catmullrom"
            },
            "0.4167": {
              "post": [
                -58.96982,
                45.86754,
                16.4481
              ],
              "lerp_mode": "catmullrom"
            },
            "0.4583": {
              "post": [
                -67.20691,
                36.93441,
                11.28191
              ],
              "lerp_mode": "catmullrom"
            },
            "0.5": {
              "post": [
                -70.0273,
                40.73565,
                13.34199
              ],
              "lerp_mode": "catmullrom"
            }
          },
          "position": {
            "0.0": {
              "post": [
                0,
                0,
                2
              ],
              "lerp_mode": "catmullrom"
            },
            "0.25": {
              "post": [
                -1,
                0,
                4
              ],
              "lerp_mode": "catmullrom"
            },
            "0.5": {
              "post": [
                0,
                0,
                2
              ],
              "lerp_mode": "catmullrom"
            }
          }
        },
        "bone8": {
          "scale": {
            "0.0": [
              1,
              1.8999999999999997,
              1
            ],
            "0.25": [
              1,
              1.2,
              1
            ],
            "0.5": [
              1,
              1.8999999999999997,
              1
            ]
          }
        }
      }
    },
    "animation.imitators_grinning_chase.climb": {
      "loop": true,
      "animation_length": 0.5,
      "override_previous_animation": true,
      "bones": {
        "bone5": {
          "rotation": {
            "0.0": [
              2.5,
              0,
              0
            ],
            "0.0417": [
              2.49762,
              -0.10901,
              2.49762
            ],
            "0.0833": [
              2.5,
              0,
              0
            ],
            "0.125": [
              2.49762,
              0.10901,
              -2.49762
            ],
            "0.1667": [
              2.60313,
              0.2629,
              -0.00425
            ],
            "0.2083": [
              2.61211,
              0.14915,
              2.49317
            ],
            "0.25": [
              2.60313,
              0.2629,
              -0.00425
            ],
            "0.2917": [
              2.61613,
              0.0351,
              4.99058
            ],
            "0.3333": [
              2.60313,
              0.2629,
              -0.00425
            ],
            "0.375": [
              2.57035,
              0.4887,
              -4.99926
            ],
            "0.4167": [
              2.5892,
              0.37616,
              -2.50172
            ],
            "0.4583": [
              2.60313,
              0.2629,
              -0.00425
            ],
            "0.5": [
              2.57035,
              0.4887,
              -4.99926
            ]
          },
          "position": [
            0,
            -17,
            -1
          ]
        },
        "bone6": {
          "rotation": {
            "0.0": {
              "post": [
                -20,
                0,
                0
              ],
              "lerp_mode": "catmullrom"
            },
            "0.0417": {
              "post": [
                -20.72268,
                0.8851,
                2.33817
              ],
              "lerp_mode": "catmullrom"
            },
            "0.0833": {
              "post": [
                -24.83908,
                0.80721,
                2.13241
              ],
              "lerp_mode": "catmullrom"
            },
            "0.125": {
              "post": [
                -31.36318,
                1.93997,
                3.81946
              ],
              "lerp_mode": "catmullrom"
            },
            "0.1667": {
              "post": [
                -29.3422,
                0.13051,
                0.68848
              ],
              "lerp_mode": "catmullrom"
            },
            "0.2083": {
              "post": [
                -30.14428,
                -1.30391,
                -2.01318
              ],
              "lerp_mode": "catmullrom"
            },
            "0.25": {
              "post": [
                -30,
                0,
                0
              ],
              "lerp_mode": "catmullrom"
            },
            "0.2917": {
              "post": [
                -28.69249,
                -2.33984,
                -4.29532
              ],
              "lerp_mode": "catmullrom"
            },
            "0.3333": {
              "post": [
                -27.35361,
                0.14745,
                0.48813
              ],
              "lerp_mode": "catmullrom"
            },
            "0.375": {
              "post": [
                -25.74883,
                0.27165,
                0.67052
              ],
              "lerp_mode": "catmullrom"
            },
            "0.4167": {
              "post": [
                -23.87294,
                1.18002,
                2.68476
              ],
              "lerp_mode": "catmullrom"
            },
            "0.4583": {
              "post": [
                -21.7313,
                1.51809,
                3.64448
              ],
              "lerp_mode": "catmullrom"
            },
            "0.5": {
              "post": [
                -20,
                0,
                0
              ],
              "lerp_mode": "catmullrom"
            }
          }
        },
        "bone2": {
          "rotation": {
            "0.0": {
              "post": [
                24.85915,
                -1.77857,
                147.7075
              ],
              "lerp_mode": "catmullrom"
            },
            "0.25": {
              "post": [
                12.97615,
                1.17432,
                71.5893
              ],
              "lerp_mode": "catmullrom"
            },
            "0.375": {
              "post": [
                53.91765,
                -0.30212,
                109.6484
              ],
              "lerp_mode": "catmullrom"
            },
            "0.5": {
              "post": [
                24.85915,
                -1.77857,
                147.7075
              ],
              "lerp_mode": "catmullrom"
            }
          }
        },
        "bone9": {
          "rotation": {
            "0.0": {
              "post": [
                -112.5,
                0,
                0
              ],
              "lerp_mode": "catmullrom"
            },
            "0.25": {
              "post": [
                -88.06277,
                -33.29419,
                21.27494
              ],
              "lerp_mode": "catmullrom"
            },
            "0.375": {
              "post": [
                -120.83363,
                70.51064,
                -21.70433
              ],
              "lerp_mode": "catmullrom"
            },
            "0.5": {
              "post": [
                -112.5,
                0,
                0
              ],
              "lerp_mode": "catmullrom"
            }
          }
        },
        "bone": {
          "rotation": {
            "0.0": {
              "post": [
                25,
                0,
                -30
              ],
              "lerp_mode": "catmullrom"
            },
            "0.125": {
              "post": [
                56.30912,
                -4.22722,
                -82.42825
              ],
              "lerp_mode": "catmullrom"
            },
            "0.25": {
              "post": [
                7.61824,
                -8.45444,
                -134.8565
              ],
              "lerp_mode": "catmullrom"
            },
            "0.5": {
              "post": [
                25,
                0,
                -30
              ],
              "lerp_mode": "catmullrom"
            }
          }
        },
        "bone10": {
          "rotation": {
            "0.0": {
              "post": [
                -114.56202,
                22.9824,
                -10.11783
              ],
              "lerp_mode": "catmullrom"
            },
            "0.125": {
              "post": [
                -94.24918,
                -47.32413,
                -5.111
              ],
              "lerp_mode": "catmullrom"
            },
            "0.25": {
              "post": [
                -73.26366,
                5.188,
                -16.73634
              ],
              "lerp_mode": "catmullrom"
            },
            "0.375": {
              "post": [
                -92.82706,
                -18.63536,
                -7.45467
              ],
              "lerp_mode": "catmullrom"
            },
            "0.5": {
              "post": [
                -114.56202,
                22.9824,
                -10.11783
              ],
              "lerp_mode": "catmullrom"
            }
          }
        },
        "bone3": {
          "rotation": {
            "0.0": {
              "post": [
                7.5,
                0,
                -32.5
              ],
              "lerp_mode": "catmullrom"
            },
            "0.125": {
              "post": [
                56.66388,
                9.92151,
                -62.80029
              ],
              "lerp_mode": "catmullrom"
            },
            "0.25": {
              "post": [
                10.82777,
                19.84302,
                -93.10058
              ],
              "lerp_mode": "catmullrom"
            },
            "0.5": {
              "post": [
                7.5,
                0,
                -32.5
              ],
              "lerp_mode": "catmullrom"
            }
          }
        },
        "bone11": {
          "rotation": {
            "0.0": {
              "post": [
                -102.02015,
                46.04179,
                -22.17599
              ],
              "lerp_mode": "catmullrom"
            },
            "0.125": {
              "post": [
                -120.4003,
                -55.01218,
                30.49887
              ],
              "lerp_mode": "catmullrom"
            },
            "0.25": {
              "post": [
                -107.39769,
                -50.33155,
                26.03345
              ],
              "lerp_mode": "catmullrom"
            },
            "0.375": {
              "post": [
                -115.16007,
                -49.55243,
                24.03258
              ],
              "lerp_mode": "catmullrom"
            },
            "0.5": {
              "post": [
                -102.02015,
                46.04179,
                -22.17599
              ],
              "lerp_mode": "catmullrom"
            }
          }
        },
        "bone4": {
          "rotation": {
            "0.0": {
              "post": [
                20,
                0,
                117.5
              ],
              "lerp_mode": "catmullrom"
            },
            "0.25": {
              "post": [
                2.83941,
                -8.53884,
                48.76113
              ],
              "lerp_mode": "catmullrom"
            },
            "0.375": {
              "post": [
                38.91971,
                -4.26942,
                83.13057
              ],
              "lerp_mode": "catmullrom"
            },
            "0.5": {
              "post": [
                20,
                0,
                117.5
              ],
              "lerp_mode": "catmullrom"
            }
          }
        },
        "bone12": {
          "rotation": {
            "0.0": {
              "post": [
                -110,
                0,
                0
              ],
              "lerp_mode": "catmullrom"
            },
            "0.25": {
              "post": [
                -78.5432,
                -32.61461,
                -13.46783
              ],
              "lerp_mode": "catmullrom"
            },
            "0.375": {
              "post": [
                -97.33184,
                55.93175,
                -14.01927
              ],
              "lerp_mode": "catmullrom"
            },
            "0.5": {
              "post": [
                -110,
                0,
                0
              ],
              "lerp_mode": "catmullrom"
            }
          }
        },
        "bone7": {
          "rotation": {
            "0.0": {
              "post": [
                -70.0273,
                40.73565,
                13.34199
              ],
              "lerp_mode": "catmullrom"
            },
            "0.0417": {
              "post": [
                -67.51818,
                43.05273,
                14.60333
              ],
              "lerp_mode": "catmullrom"
            },
            "0.0833": {
              "post": [
                -67.22997,
                33.73475,
                9.23266
              ],
              "lerp_mode": "catmullrom"
            },
            "0.125": {
              "post": [
                -59.88129,
                41.08315,
                14.24821
              ],
              "lerp_mode": "catmullrom"
            },
            "0.1667": {
              "post": [
                -58.12987,
                35.26606,
                9.06951
              ],
              "lerp_mode": "catmullrom"
            },
            "0.2083": {
              "post": [
                -45.44284,
                45.13088,
                19.73237
              ],
              "lerp_mode": "catmullrom"
            },
            "0.25": {
              "post": [
                -47.5273,
                40.73565,
                13.34199
              ],
              "lerp_mode": "catmullrom"
            },
            "0.2917": {
              "post": [
                -53.92066,
                34.52609,
                7.15973
              ],
              "lerp_mode": "catmullrom"
            },
            "0.3333": {
              "post": [
                -55.80776,
                37.11584,
                9.39914
              ],
              "lerp_mode": "catmullrom"
            },
            "0.375": {
              "post": [
                -59.84434,
                35.82764,
                8.73496
              ],
              "lerp_mode": "catmullrom"
            },
            "0.4167": {
              "post": [
                -58.96982,
                45.86754,
                16.4481
              ],
              "lerp_mode": "catmullrom"
            },
            "0.4583": {
              "post": [
                -67.20691,
                36.93441,
                11.28191
              ],
              "lerp_mode": "catmullrom"
            },
            "0.5": {
              "post": [
                -70.0273,
                40.73565,
                13.34199
              ],
              "lerp_mode": "catmullrom"
            }
          },
          "position": {
            "0.0": {
              "post": [
                0,
                0,
                2
              ],
              "lerp_mode": "catmullrom"
            },
            "0.25": {
              "post": [
                -1,
                0,
                4
              ],
              "lerp_mode": "catmullrom"
            },
            "0.5": {
              "post": [
                0,
                0,
                2
              ],
              "lerp_mode": "catmullrom"
            }
          }
        }
      }
    },
    "animation.imitators_grinning_chase.spotted": {
      "animation_length": 1.0417,
      "override_previous_animation": true,
      "bones": {
        "bone5": {
          "rotation": {
            "0.0": [
              0,
              0,
              0
            ],
            "0.125": [
              4.43191,
              0.78064,
              -9.96979
            ],
            "0.2083": [
              -1.44299,
              0.65075,
              5.01213
            ],
            "0.2917": [
              -7.5,
              0,
              0
            ],
            "0.3333": [
              2.18727,
              3.07207,
              -9.67632
            ],
            "0.4167": [
              22.70864,
              8.28115,
              -6.51918
            ],
            "0.5": [
              51.18107,
              13.80192,
              -10.86531
            ],
            "0.5833": [
              63.04564,
              14.01826,
              8.00496
            ],
            "0.6667": [
              70,
              0,
              0
            ],
            "0.7083": [
              79.96258,
              4.92385,
              -0.87038
            ],
            "0.75": [
              90,
              0,
              0
            ],
            "0.7917": [
              91.66825,
              2.49894,
              0.07276
            ],
            "0.8333": [
              93.34046,
              -3.74206,
              -0.25467
            ],
            "0.875": [
              95,
              0,
              0
            ],
            "0.9167": [
              93.77821,
              2.24499,
              0.14864
            ],
            "0.9583": [
              92.55068,
              -0.49917,
              -0.03209
            ],
            "1.0": [
              92.55214,
              1.99836,
              0.0792
            ],
            "1.0417": [
              92.55068,
              -0.49917,
              -0.03209
            ]
          },
          "position": {
            "0.0": [
              0,
              0,
              0
            ],
            "0.2917": [
              0,
              5,
              0
            ],
            "0.5833": [
              0,
              -3.67,
              4.67
            ],
            "0.75": [
              0,
              -6.88,
              7.34
            ],
            "0.875": [
              0,
              -4.93,
              9.34
            ],
            "1.0417": [
              0,
              -7,
              12
            ]
          }
        },
        "bone6": {
          "rotation": {
            "0.0": [
              0,
              0,
              0
            ],
            "0.25": [
              -7.5,
              0,
              0
            ],
            "0.375": [
              -2.5,
              0,
              0
            ],
            "0.5": [
              -2.41492,
              0.64686,
              14.98637
            ],
            "0.625": [
              -12.41492,
              0.64686,
              14.98637
            ],
            "0.7917": [
              -49.9133,
              -7.03203,
              8.56571
            ],
            "0.9167": [
              -17.41492,
              0.64686,
              14.98637
            ]
          },
          "scale": {
            "0.0": [
              1,
              0,
              1
            ],
            "0.25": [
              1,
              0.7,
              1
            ],
            "0.375": [
              1,
              0.9,
              1
            ]
          }
        },
        "bone2": {
          "rotation": {
            "0.0": [
              0,
              0,
              0
            ],
            "0.125": [
              0,
              0,
              37.5
            ],
            "0.2917": [
              0,
              0,
              57.5
            ],
            "0.4583": [
              37.5,
              0,
              57.5
            ]
          }
        },
        "bone9": {
          "rotation": {
            "0.0": [
              -30,
              0,
              0
            ],
            "0.2083": [
              -52.5,
              0,
              0
            ],
            "0.375": [
              -27.5,
              0,
              0
            ],
            "0.625": [
              -5,
              0,
              0
            ],
            "0.75": [
              -125,
              0,
              0
            ]
          },
          "scale": {
            "0.0833": [
              1,
              0,
              1
            ],
            "0.3333": [
              1,
              1,
              1
            ]
          }
        },
        "bone": {
          "rotation": {
            "0.0": [
              0,
              0,
              0
            ],
            "0.25": [
              0,
              0,
              -97.5
            ],
            "0.375": [
              0,
              0,
              -107.5
            ],
            "0.5": [
              27.5,
              0,
              -107.5
            ],
            "0.75": [
              47.5,
              0,
              -107.5
            ]
          }
        },
        "bone10": {
          "rotation": {
            "0.0": [
              0,
              0,
              0
            ],
            "0.125": [
              -15.62633,
              22.91934,
              54.31328
            ],
            "0.25": [
              -55,
              0,
              0
            ],
            "0.375": [
              -43.97491,
              -37.15276,
              -32.04446
            ],
            "0.5": [
              -111.17633,
              -2.16145,
              -32.89097
            ],
            "0.75": [
              -134.7111,
              -19.06326,
              -14.07073
            ]
          },
          "position": [
            0,
            0,
            0
          ],
          "scale": {
            "0.0": [
              1,
              0,
              1
            ],
            "0.25": [
              1,
              1.1,
              1
            ]
          }
        },
        "bone3": {
          "rotation": {
            "0.0": [
              0,
              0,
              0
            ],
            "0.25": [
              42.39409,
              29.4987,
              -28.34077
            ],
            "0.5": [
              50.89103,
              37.48599,
              -35.57069
            ],
            "0.75": [
              28.73505,
              10.25912,
              -64.25882
            ]
          },
          "position": {
            "0.0": [
              0,
              2,
              0
            ],
            "0.25": [
              0,
              0,
              0
            ]
          }
        },
        "bone11": {
          "rotation": {
            "0.0": [
              0,
              0,
              0
            ],
            "0.125": [
              -61.25,
              0,
              0
            ],
            "0.25": [
              -77.5,
              0,
              0
            ],
            "0.4167": [
              -27.5,
              0,
              0
            ],
            "0.625": [
              -115,
              0,
              0
            ],
            "0.75": [
              -102.5,
              0,
              0
            ],
            "0.9167": [
              -112.5,
              0,
              0
            ]
          },
          "position": {
            "0.0": [
              0,
              10,
              0
            ],
            "0.25": [
              0,
              0,
              0
            ]
          }
        },
        "bone4": {
          "rotation": {
            "0.0": [
              0,
              0,
              0
            ],
            "0.2083": [
              30,
              0,
              10
            ],
            "0.4167": [
              65,
              0,
              10
            ],
            "0.5833": [
              82.5,
              0,
              10
            ],
            "0.6667": [
              61.14523,
              -25.22228,
              23.15925
            ],
            "0.75": [
              29.15996,
              -17.26588,
              31.741
            ]
          },
          "position": {
            "0.0": [
              0,
              2,
              0
            ],
            "0.75": [
              0,
              0,
              0
            ]
          },
          "scale": {
            "0.0": [
              1,
              1,
              1
            ],
            "0.2083": [
              1,
              1.1,
              1
            ]
          }
        },
        "bone12": {
          "rotation": {
            "0.0": [
              0,
              0,
              0
            ],
            "0.2083": [
              -72.5,
              0,
              0
            ],
            "0.3333": [
              -111.5,
              0,
              0
            ],
            "0.4167": [
              -100,
              0,
              0
            ],
            "0.5417": [
              -35,
              0,
              0
            ],
            "0.75": [
              -113.78773,
              18.42031,
              -7.92945
            ]
          },
          "position": {
            "0.0": [
              0,
              10,
              0
            ],
            "0.2083": [
              0,
              3,
              0
            ],
            "0.4167": [
              0,
              0,
              0
            ]
          }
        },
        "bone7": {
          "rotation": {
            "0.0": [
              0,
              0,
              0
            ],
            "0.2083": [
              0,
              0,
              -37.5
            ],
            "0.375": [
              0,
              0,
              30
            ],
            "0.5833": [
              -27.5,
              0,
              30
            ],
            "0.75": [
              -83.84482,
              4.29357,
              -4.76905
            ]
          },
          "position": {
            "0.0": [
              0,
              -12,
              0
            ],
            "0.2083": [
              0,
              -4,
              0
            ],
            "0.375": [
              2,
              -4,
              0
            ],
            "0.5833": [
              2,
              -5,
              0
            ],
            "0.75": [
              0,
              -3,
              7
            ],
            "0.9167": [
              0,
              -1,
              1
            ]
          }
        }
      }
    },
    "animation.imitators_grinning_chase.jump": {
      "loop": true,
      "animation_length": 0.5,
      "override_previous_animation": true,
      "bones": {
        "bone5": {
          "rotation": {
            "0.0": {
              "post": [
                0,
                0,
                0
              ],
              "lerp_mode": "catmullrom"
            },
            "0.125": {
              "post": [
                0,
                0,
                -2.5
              ],
              "lerp_mode": "catmullrom"
            },
            "0.25": {
              "post": [
                0,
                0,
                0
              ],
              "lerp_mode": "catmullrom"
            },
            "0.375": {
              "post": [
                0,
                0,
                2.66
              ],
              "lerp_mode": "catmullrom"
            },
            "0.5": {
              "post": [
                0,
                0,
                0
              ],
              "lerp_mode": "catmullrom"
            }
          },
          "position": [
            0,
            -11,
            -3
          ]
        },
        "bone6": {
          "rotation": [
            -10,
            0,
            0
          ]
        },
        "bone2": {
          "rotation": {
            "0.0": {
              "post": [
                -195,
                0,
                0
              ],
              "lerp_mode": "catmullrom"
            },
            "0.25": {
              "post": [
                -242.5,
                0,
                0
              ],
              "lerp_mode": "catmullrom"
            },
            "0.5": {
              "post": [
                -195,
                0,
                0
              ],
              "lerp_mode": "catmullrom"
            }
          }
        },
        "bone9": {
          "rotation": {
            "0.0": {
              "post": [
                57.5,
                0,
                0
              ],
              "lerp_mode": "catmullrom"
            },
            "0.25": {
              "post": [
                130,
                0,
                0
              ],
              "lerp_mode": "catmullrom"
            },
            "0.5": {
              "post": [
                57.5,
                0,
                0
              ],
              "lerp_mode": "catmullrom"
            }
          }
        },
        "bone": {
          "rotation": {
            "0.0": {
              "post": [
                -232.5,
                0,
                0
              ],
              "lerp_mode": "catmullrom"
            },
            "0.25": {
              "post": [
                -187.5,
                0,
                0
              ],
              "lerp_mode": "catmullrom"
            },
            "0.5": {
              "post": [
                -232.5,
                0,
                0
              ],
              "lerp_mode": "catmullrom"
            }
          }
        },
        "bone10": {
          "rotation": {
            "0.0": {
              "post": [
                105,
                0,
                0
              ],
              "lerp_mode": "catmullrom"
            },
            "0.25": {
              "post": [
                30,
                0,
                0
              ],
              "lerp_mode": "catmullrom"
            },
            "0.5": {
              "post": [
                105,
                0,
                0
              ],
              "lerp_mode": "catmullrom"
            }
          }
        },
        "bone3": {
          "rotation": {
            "0.0": {
              "post": [
                10,
                0,
                0
              ],
              "lerp_mode": "catmullrom"
            },
            "0.25": {
              "post": [
                35,
                0,
                0
              ],
              "lerp_mode": "catmullrom"
            },
            "0.5": {
              "post": [
                10,
                0,
                0
              ],
              "lerp_mode": "catmullrom"
            }
          }
        },
        "bone11": {
          "rotation": {
            "0.0": {
              "post": [
                -35,
                0,
                0
              ],
              "lerp_mode": "catmullrom"
            },
            "0.25": {
              "post": [
                -110,
                0,
                0
              ],
              "lerp_mode": "catmullrom"
            },
            "0.5": {
              "post": [
                -35,
                0,
                0
              ],
              "lerp_mode": "catmullrom"
            }
          }
        },
        "bone4": {
          "rotation": {
            "0.0": {
              "post": [
                32.5,
                0,
                0
              ],
              "lerp_mode": "catmullrom"
            },
            "0.25": {
              "post": [
                12.5,
                0,
                0
              ],
              "lerp_mode": "catmullrom"
            },
            "0.5": {
              "post": [
                32.5,
                0,
                0
              ],
              "lerp_mode": "catmullrom"
            }
          }
        },
        "bone12": {
          "rotation": {
            "0.0": {
              "post": [
                -107.5,
                0,
                0
              ],
              "lerp_mode": "catmullrom"
            },
            "0.25": {
              "post": [
                -25,
                0,
                0
              ],
              "lerp_mode": "catmullrom"
            },
            "0.5": {
              "post": [
                -107.5,
                0,
                0
              ],
              "lerp_mode": "catmullrom"
            }
          }
        },
        "bone7": {
          "rotation": {
            "0.0": [
              -77.5,
              0,
              0
            ],
            "0.0417": [
              -77.45947738612993,
              3.6606901204674793,
              0.814815930450568
            ],
            "0.0833": [
              -77.42811984601595,
              -5.368961638389792,
              -1.1942186672095159
            ],
            "0.125": [
              -76.78788215667544,
              -18.042310919522023,
              -4.158090579375822
            ],
            "0.1667": [
              -77.33489494415394,
              -6.342978932547357,
              -1.4211740456023836
            ],
            "0.2083": [
              -77.15756224712516,
              10.244207847608541,
              2.3175782494498525
            ],
            "0.25": [
              -77.39557045652145,
              7.321234066678699,
              1.6321910212282091
            ],
            "0.2917": [
              -77.34278601530437,
              -8.540441856017788,
              -1.909472224709716
            ],
            "0.3333": [
              -77.40922528004023,
              5.368513456959972,
              1.196044748170807
            ],
            "0.375": [
              -77.24162039137326,
              -10.61277165389967,
              -2.3877588434071186
            ],
            "0.4167": [
              -77.31364915566799,
              7.563042590801997,
              1.6916521440304313
            ],
            "0.4583": [
              -77.29558738513575,
              -8.417432241333445,
              -1.8884236614557266
            ],
            "0.5": [
              -77.5,
              0,
              0
            ]
          }
        },
        "bone8": {
          "scale": {
            "0.0": [
              1,
              1,
              1
            ],
            "0.25": [
              1,
              1.2000000000000002,
              1
            ],
            "0.5": [
              1,
              1,
              1
            ]
          }
        }
      }
    }
  }
}