{
  "format_version": "1.8.0",
  "animations": {
    "animation.imitators_theteethed_chase.idle": {
      "loop": true,
      "animation_length": 1.5,
      "override_previous_animation": true,
      "bones": {
        "bone15": {
          "position": [
            0,
            -1,
            -4
          ]
        },
        "bone5": {
          "rotation": {
            "0.0": [
              -17.5,
              0,
              0
            ],
            "0.7083": [
              -22.5,
              0,
              0
            ]
          }
        },
        "bone13": {
          "rotation": {
            "0.0": [
              20,
              0,
              0
            ],
            "0.7083": [
              25,
              0,
              0
            ]
          }
        },
        "bone14": {
          "rotation": {
            "0.0": [
              12.5,
              0,
              0
            ],
            "0.5": [
              12.48848,
              0.54094,
              -2.44081
            ],
            "1.0": [
              12.48848,
              -0.54094,
              2.44081
            ],
            "1.5": [
              12.5,
              0,
              0
            ]
          }
        },
        "bone3": {
          "rotation": {
            "0.0": {
              "post": [
                -9.85108,
                -1.72794,
                -22.35108
              ],
              "lerp_mode": "catmullrom"
            },
            "0.5": {
              "post": [
                -10.28288,
                -1.49973,
                -19.88705
              ],
              "lerp_mode": "catmullrom"
            },
            "1.0": {
              "post": [
                -9.98825,
                -2.04921,
                -23.58213
              ],
              "lerp_mode": "catmullrom"
            },
            "1.5": {
              "post": [
                -9.85108,
                -1.72794,
                -22.35108
              ],
              "lerp_mode": "catmullrom"
            }
          }
        },
        "bone8": {
          "rotation": {
            "0.0": {
              "post": [
                0,
                0,
                20
              ],
              "lerp_mode": "catmullrom"
            },
            "0.5": {
              "post": [
                0,
                0,
                22.5
              ],
              "lerp_mode": "catmullrom"
            },
            "1.0": {
              "post": [
                0,
                0,
                23.75
              ],
              "lerp_mode": "catmullrom"
            },
            "1.5": {
              "post": [
                0,
                0,
                20
              ],
              "lerp_mode": "catmullrom"
            }
          }
        },
        "bone9": {
          "rotation": {
            "0.0": {
              "post": [
                0,
                0,
                -10
              ],
              "lerp_mode": "catmullrom"
            },
            "0.5": {
              "post": [
                0,
                0,
                -7.5
              ],
              "lerp_mode": "catmullrom"
            },
            "1.0": {
              "post": [
                0,
                0,
                -13.75
              ],
              "lerp_mode": "catmullrom"
            },
            "1.5": {
              "post": [
                0,
                0,
                -10
              ],
              "lerp_mode": "catmullrom"
            }
          },
          "scale": [
            1,
            0.9,
            1
          ]
        },
        "bone17": {
          "rotation": [
            -5.60537,
            -1.93299,
            -14.49406
          ]
        },
        "bone18": {
          "rotation": {
            "0.0": [
              -14.88715,
              2.87273,
              14.81412
            ],
            "0.0417": [
              -13.67666,
              6.5933,
              29.39798
            ],
            "0.0833": [
              -13.11316,
              6.86158,
              14.37583
            ],
            "0.125": [
              -12.19172,
              8.39267,
              21.76999
            ],
            "0.1667": [
              -13.2244,
              6.568,
              14.1829
            ],
            "0.2083": [
              -11.19084,
              9.64897,
              29.00682
            ],
            "0.25": [
              -12.07934,
              8.41626,
              23.59282
            ],
            "0.2917": [
              -10.57746,
              10.20882,
              33.23191
            ],
            "0.3333": [
              -12.60406,
              7.41847,
              20.21337
            ],
            "0.375": [
              -11.25555,
              9.33543,
              29.90624
            ],
            "0.4167": [
              -12.46473,
              7.54384,
              21.93126
            ],
            "0.4583": [
              -10.69249,
              9.89301,
              34.04082
            ],
            "0.5": [
              -11.64836,
              8.63575,
              28.30508
            ],
            "0.5417": [
              -12.76222,
              6.79915,
              20.3496
            ],
            "0.5833": [
              -11.53191,
              8.74581,
              29.97163
            ],
            "0.625": [
              -12.36845,
              7.43639,
              24.34488
            ],
            "0.6667": [
              -11.06669,
              9.26533,
              33.78241
            ],
            "0.7083": [
              -12.62033,
              6.87181,
              22.95667
            ],
            "0.75": [
              -11.77875,
              8.25607,
              29.91948
            ],
            "0.7917": [
              -13.13029,
              5.78025,
              19.24873
            ],
            "0.8333": [
              -12.40667,
              7.27571,
              26.34719
            ],
            "0.875": [
              -13.3515,
              5.31661,
              18.2751
            ],
            "0.9167": [
              -12.96553,
              6.29696,
              22.93641
            ],
            "0.9583": [
              -13.56944,
              4.89835,
              17.46884
            ],
            "1.0": [
              -13.21732,
              5.90572,
              22.14862
            ],
            "1.0417": [
              -13.78761,
              4.47892,
              16.65805
            ],
            "1.0833": [
              -12.65263,
              7.21317,
              28.71762
            ],
            "1.125": [
              -13.40626,
              5.64168,
              22.42953
            ],
            "1.1667": [
              -13.9736,
              4.14298,
              16.71054
            ],
            "1.2083": [
              -13.20685,
              6.34939,
              26.23021
            ],
            "1.25": [
              -14.07992,
              4.06594,
              17.28757
            ],
            "1.2917": [
              -13.35211,
              6.25536,
              26.62477
            ],
            "1.3333": [
              -14.25494,
              3.76742,
              16.96006
            ],
            "1.375": [
              -13.60351,
              5.97022,
              26.15907
            ],
            "1.4167": [
              -14.65881,
              2.45415,
              12.66973
            ],
            "1.4583": [
              -13.33499,
              6.94476,
              30.77446
            ],
            "1.5": [
              -14.88715,
              2.87273,
              14.81412
            ]
          }
        },
        "bone4": {
          "rotation": {
            "0.0": {
              "post": [
                -9.96271,
                0.86717,
                -0.07558
              ],
              "lerp_mode": "catmullrom"
            },
            "0.5": {
              "post": [
                -9.96271,
                0.86717,
                -0.07558
              ],
              "lerp_mode": "catmullrom"
            },
            "1.0": {
              "post": [
                -9.99534,
                0.21699,
                -3.76893
              ],
              "lerp_mode": "catmullrom"
            },
            "1.5": {
              "post": [
                -9.96271,
                0.86717,
                -0.07558
              ],
              "lerp_mode": "catmullrom"
            }
          }
        },
        "bone10": {
          "rotation": {
            "0.0": {
              "post": [
                0,
                0,
                20
              ],
              "lerp_mode": "catmullrom"
            },
            "0.5": {
              "post": [
                0,
                0,
                22.5
              ],
              "lerp_mode": "catmullrom"
            },
            "1.0": {
              "post": [
                0,
                0,
                25
              ],
              "lerp_mode": "catmullrom"
            },
            "1.5": {
              "post": [
                0,
                0,
                20
              ],
              "lerp_mode": "catmullrom"
            }
          }
        },
        "bone11": {
          "rotation": {
            "0.0": {
              "post": [
                0,
                0,
                -10
              ],
              "lerp_mode": "catmullrom"
            },
            "0.5": {
              "post": [
                0,
                0,
                -12.5
              ],
              "lerp_mode": "catmullrom"
            },
            "1.0": {
              "post": [
                0,
                0,
                -17.5
              ],
              "lerp_mode": "catmullrom"
            },
            "1.5": {
              "post": [
                0,
                0,
                -10
              ],
              "lerp_mode": "catmullrom"
            }
          },
          "scale": [
            1,
            0.8,
            1
          ]
        },
        "bone16": {
          "rotation": [
            0.27706,
            -5.52292,
            22.22952
          ]
        },
        "bone19": {
          "rotation": {
            "0.0": [
              -5.86295,
              -20.15255,
              -8.57828
            ],
            "0.0417": [
              -1.6478,
              -19.01604,
              -19.39117
            ],
            "0.0833": [
              -3.35986,
              -18.79744,
              -14.11088
            ],
            "0.125": [
              -0.26566,
              -17.73133,
              -22.1156
            ],
            "0.1667": [
              -3.43875,
              -17.40717,
              -11.63046
            ],
            "0.2083": [
              0.53369,
              -17.72548,
              -24.74026
            ],
            "0.25": [
              -1.8607,
              -17.63849,
              -16.86832
            ],
            "0.2917": [
              0.53369,
              -17.72548,
              -24.74026
            ],
            "0.3333": [
              -2.65275,
              -17.54003,
              -14.24772
            ],
            "0.375": [
              -1.16972,
              -17.80521,
              -19.29133
            ],
            "0.4167": [
              -2.14857,
              -17.81596,
              -16.26926
            ],
            "0.4583": [
              -0.66914,
              -18.03509,
              -21.2283
            ],
            "0.5": [
              -1.69355,
              -18.06371,
              -18.09292
            ],
            "0.5417": [
              -0.22288,
              -18.24201,
              -22.95898
            ],
            "0.5833": [
              -1.29522,
              -18.2866,
              -19.70076
            ],
            "0.625": [
              -0.67145,
              -18.41886,
              -21.82936
            ],
            "0.6667": [
              -1.75372,
              -18.4431,
              -18.56325
            ],
            "0.7083": [
              -1.11984,
              -18.59576,
              -20.70026
            ],
            "0.75": [
              -3.05022,
              -18.48475,
              -14.79103
            ],
            "0.7917": [
              -1.51627,
              -18.78357,
              -19.71964
            ],
            "0.8333": [
              -2.62333,
              -18.76821,
              -16.42503
            ],
            "0.875": [
              -1.10982,
              -19.02655,
              -21.21791
            ],
            "0.9167": [
              -3.14829,
              -18.9019,
              -15.09113
            ],
            "0.9583": [
              -1.61131,
              -19.20747,
              -19.91245
            ],
            "1.0": [
              -3.67449,
              -19.03517,
              -13.7536
            ],
            "1.0417": [
              -2.11114,
              -19.38877,
              -18.61173
            ],
            "1.0833": [
              -0.67848,
              -19.59489,
              -23.00294
            ],
            "1.125": [
              -2.9734,
              -19.4686,
              -16.25758
            ],
            "1.1667": [
              -0.6106,
              -19.80056,
              -23.36532
            ],
            "1.2083": [
              -3.06226,
              -19.65556,
              -16.20801
            ],
            "1.25": [
              -1.65905,
              -19.95012,
              -20.42841
            ],
            "1.2917": [
              0.38106,
              -20.11357,
              -26.43676
            ],
            "1.3333": [
              -2.69226,
              -19.96594,
              -17.54504
            ],
            "1.375": [
              -1.65335,
              -20.23689,
              -20.62335
            ],
            "1.4167": [
              -1.20684,
              -20.3949,
              -21.93605
            ],
            "1.4583": [
              -0.74128,
              -20.55402,
              -23.25496
            ],
            "1.5": [
              -5.86295,
              -20.15255,
              -8.57828
            ]
          },
          "position": [
            0,
            2,
            1
          ]
        },
        "bone7": {
          "rotation": {
            "0.0": [
              29.97638,
              -1.2497,
              2.16541
            ],
            "0.5": [
              29.62165,
              -4.98093,
              8.6822
            ],
            "1.0": [
              30.35673,
              1.25689,
              -2.19036
            ],
            "1.5": [
              29.97638,
              -1.2497,
              2.16541
            ]
          }
        },
        "bone2": {
          "rotation": {
            "0.0": {
              "post": [
                -34.97437,
                -1.43364,
                -2.04831
              ],
              "lerp_mode": "catmullrom"
            },
            "0.0417": {
              "post": [
                -34.95411,
                1.66107,
                2.37294
              ],
              "lerp_mode": "catmullrom"
            },
            "0.0833": {
              "post": [
                -34.83623,
                -3.80663,
                -5.45245
              ],
              "lerp_mode": "catmullrom"
            },
            "0.125": {
              "post": [
                -34.9877,
                -0.11872,
                -0.17888
              ],
              "lerp_mode": "catmullrom"
            },
            "0.1667": {
              "post": [
                -34.73413,
                -4.89156,
                -7.02372
              ],
              "lerp_mode": "catmullrom"
            },
            "0.2083": {
              "post": [
                -34.90537,
                1.20978,
                1.70792
              ],
              "lerp_mode": "catmullrom"
            },
            "0.25": {
              "post": [
                -35.06853,
                1.62206,
                2.29655
              ],
              "lerp_mode": "catmullrom"
            },
            "0.2917": {
              "post": [
                -34.95737,
                -3.22167,
                -4.60607
              ],
              "lerp_mode": "catmullrom"
            },
            "0.3333": {
              "post": [
                -35.10483,
                0.80452,
                1.13636
              ],
              "lerp_mode": "catmullrom"
            },
            "0.375": {
              "post": [
                -35.42225,
                -4.71135,
                -5.13182
              ],
              "lerp_mode": "catmullrom"
            },
            "0.4167": {
              "post": [
                -35.55458,
                -1.73527,
                -1.29099
              ],
              "lerp_mode": "catmullrom"
            },
            "0.4583": {
              "post": [
                -34.82696,
                -6.53305,
                -8.74596
              ],
              "lerp_mode": "catmullrom"
            },
            "0.5": {
              "post": [
                -35.00368,
                -2.87493,
                -4.08453
              ],
              "lerp_mode": "catmullrom"
            },
            "0.75": {
              "post": [
                -34.84227,
                -1.25426,
                -1.80032
              ],
              "lerp_mode": "catmullrom"
            },
            "1.0": {
              "post": [
                -35.04872,
                -2.87021,
                -4.08435
              ],
              "lerp_mode": "catmullrom"
            },
            "1.25": {
              "post": [
                -35.25155,
                1.87652,
                2.66663
              ],
              "lerp_mode": "catmullrom"
            },
            "1.5": {
              "post": [
                -35.33353,
                -1.45285,
                -2.00781
              ],
              "lerp_mode": "catmullrom"
            }
          }
        },
        "bone": {
          "rotation": {
            "0.0": {
              "post": [
                22.5,
                0,
                0
              ],
              "lerp_mode": "catmullrom"
            },
            "0.25": {
              "post": [
                9.53,
                0,
                0
              ],
              "lerp_mode": "catmullrom"
            },
            "0.2917": {
              "post": [
                11.1,
                0,
                0
              ],
              "lerp_mode": "catmullrom"
            },
            "0.3333": {
              "post": [
                3.21,
                0,
                0
              ],
              "lerp_mode": "catmullrom"
            },
            "0.375": {
              "post": [
                8.57,
                0,
                0
              ],
              "lerp_mode": "catmullrom"
            },
            "0.5": {
              "post": [
                10,
                0,
                0
              ],
              "lerp_mode": "catmullrom"
            },
            "1.0": {
              "post": [
                30,
                0,
                0
              ],
              "lerp_mode": "catmullrom"
            },
            "1.5": {
              "post": [
                22.5,
                0,
                0
              ],
              "lerp_mode": "catmullrom"
            }
          }
        },
        "bone6": {
          "rotation": {
            "0.0": [
              0,
              0,
              0
            ],
            "0.7083": [
              5,
              0,
              0
            ]
          }
        },
        "bone12": {
          "rotation": {
            "0.0": [
              30,
              0,
              0
            ],
            "0.7083": [
              22.5,
              0,
              0
            ]
          }
        }
      }
    },
    "animation.imitators_theteethed_chase.Run": {
      "loop": true,
      "animation_length": 0.75,
      "override_previous_animation": true,
      "bones": {
        "bone15": {
          "position": [
            0,
            -10,
            44
          ]
        },
        "bone5": {
          "rotation": {
            "0.0": {
              "post": [
                30,
                0,
                0
              ],
              "lerp_mode": "catmullrom"
            },
            "0.375": {
              "post": [
                -57.5,
                0,
                0
              ],
              "lerp_mode": "catmullrom"
            },
            "0.75": {
              "post": [
                30,
                0,
                0
              ],
              "lerp_mode": "catmullrom"
            }
          }
        },
        "bone13": {
          "rotation": {
            "0.0": {
              "post": [
                32.5,
                0,
                0
              ],
              "lerp_mode": "catmullrom"
            },
            "0.1667": {
              "post": [
                66.29,
                0,
                0
              ],
              "lerp_mode": "catmullrom"
            },
            "0.375": {
              "post": [
                75,
                0,
                0
              ],
              "lerp_mode": "catmullrom"
            },
            "0.5833": {
              "post": [
                67.72,
                0,
                0
              ],
              "lerp_mode": "catmullrom"
            },
            "0.75": {
              "post": [
                32.5,
                0,
                0
              ],
              "lerp_mode": "catmullrom"
            }
          }
        },
        "bone14": {
          "rotation": {
            "0.0": {
              "post": [
                67.5,
                0,
                0
              ],
              "lerp_mode": "catmullrom"
            },
            "0.1667": {
              "post": [
                67.5,
                0,
                0
              ],
              "lerp_mode": "catmullrom"
            },
            "0.75": {
              "post": [
                67.5,
                0,
                0
              ],
              "lerp_mode": "catmullrom"
            }
          }
        },
        "bone3": {
          "rotation": {
            "0.0": {
              "post": [
                -95,
                0,
                0
              ],
              "lerp_mode": "catmullrom"
            },
            "0.375": {
              "post": [
                -92.5,
                0,
                0
              ],
              "lerp_mode": "catmullrom"
            },
            "0.75": {
              "post": [
                -95,
                0,
                0
              ],
              "lerp_mode": "catmullrom"
            }
          }
        },
        "bone8": {
          "rotation": {
            "0.0": {
              "post": [
                -35,
                0,
                0
              ],
              "lerp_mode": "catmullrom"
            },
            "0.375": {
              "post": [
                -37.5,
                0,
                0
              ],
              "lerp_mode": "catmullrom"
            },
            "0.75": {
              "post": [
                -35,
                0,
                0
              ],
              "lerp_mode": "catmullrom"
            }
          }
        },
        "bone9": {
          "rotation": {
            "0.0": {
              "post": [
                -84.37662,
                64.87827,
                -84.1534
              ],
              "lerp_mode": "catmullrom"
            },
            "0.375": {
              "post": [
                -84.85017,
                62.38928,
                -84.68181
              ],
              "lerp_mode": "catmullrom"
            },
            "0.75": {
              "post": [
                -84.37662,
                64.87827,
                -84.1534
              ],
              "lerp_mode": "catmullrom"
            }
          }
        },
        "bone17": {
          "rotation": {
            "0.0": {
              "post": [
                0,
                0,
                -12.5
              ],
              "lerp_mode": "catmullrom"
            },
            "0.375": {
              "post": [
                0,
                0,
                -20
              ],
              "lerp_mode": "catmullrom"
            },
            "0.75": {
              "post": [
                0,
                0,
                -12.5
              ],
              "lerp_mode": "catmullrom"
            }
          }
        },
        "bone18": {
          "rotation": {
            "0.0": {
              "post": [
                -10.38614,
                29.96852,
                3.55739
              ],
              "lerp_mode": "catmullrom"
            },
            "0.375": {
              "post": [
                -15.38614,
                29.96852,
                3.55739
              ],
              "lerp_mode": "catmullrom"
            },
            "0.75": {
              "post": [
                -10.38614,
                29.96852,
                3.55739
              ],
              "lerp_mode": "catmullrom"
            }
          },
          "position": [
            0,
            0,
            1
          ]
        },
        "bone4": {
          "rotation": {
            "0.0": {
              "post": [
                17.23244,
                1.78961,
                1.60598
              ],
              "lerp_mode": "catmullrom"
            },
            "0.375": {
              "post": [
                -92.76756,
                1.78961,
                1.60598
              ],
              "lerp_mode": "catmullrom"
            },
            "0.75": {
              "post": [
                17.23244,
                1.78961,
                1.60598
              ],
              "lerp_mode": "catmullrom"
            }
          }
        },
        "bone10": {
          "rotation": {
            "0.0": {
              "post": [
                -32.5,
                0,
                0
              ],
              "lerp_mode": "catmullrom"
            },
            "0.1667": {
              "post": [
                -57.91,
                0,
                0
              ],
              "lerp_mode": "catmullrom"
            },
            "0.375": {
              "post": [
                -27.5,
                0,
                0
              ],
              "lerp_mode": "catmullrom"
            },
            "0.5417": {
              "post": [
                -38.67,
                0,
                0
              ],
              "lerp_mode": "catmullrom"
            },
            "0.75": {
              "post": [
                -32.5,
                0,
                0
              ],
              "lerp_mode": "catmullrom"
            }
          }
        },
        "bone11": {
          "rotation": {
            "0.0": {
              "post": [
                -82.96524,
                -49.54889,
                78.67275
              ],
              "lerp_mode": "catmullrom"
            },
            "0.0833": {
              "post": [
                -85.01731,
                -20.91334,
                82.24893
              ],
              "lerp_mode": "catmullrom"
            },
            "0.1667": {
              "post": [
                -84.22483,
                -31.94769,
                80.88193
              ],
              "lerp_mode": "catmullrom"
            },
            "0.375": {
              "post": [
                -78.34705,
                -66.83404,
                73.30113
              ],
              "lerp_mode": "catmullrom"
            },
            "0.5833": {
              "post": [
                -85.37093,
                -3.10247,
                83.75314
              ],
              "lerp_mode": "catmullrom"
            },
            "0.6667": {
              "post": [
                -84.83853,
                -13.4853,
                82.70377
              ],
              "lerp_mode": "catmullrom"
            },
            "0.75": {
              "post": [
                -82.96524,
                -49.54889,
                78.67275
              ],
              "lerp_mode": "catmullrom"
            }
          }
        },
        "bone16": {
          "rotation": {
            "0.0": {
              "post": [
                0,
                0,
                67.5
              ],
              "lerp_mode": "catmullrom"
            },
            "0.1667": {
              "post": [
                0,
                0,
                4.35
              ],
              "lerp_mode": "catmullrom"
            },
            "0.375": {
              "post": [
                0,
                0,
                0
              ],
              "lerp_mode": "catmullrom"
            },
            "0.5417": {
              "post": [
                0,
                0,
                -10.26
              ],
              "lerp_mode": "catmullrom"
            },
            "0.75": {
              "post": [
                0,
                0,
                67.5
              ],
              "lerp_mode": "catmullrom"
            }
          }
        },
        "bone19": {
          "rotation": {
            "0.0": {
              "post": [
                -11.87096,
                1.71902,
                74.15866
              ],
              "lerp_mode": "catmullrom"
            },
            "0.1667": {
              "post": [
                -6.36962,
                -8.14748,
                13.61222
              ],
              "lerp_mode": "catmullrom"
            },
            "0.375": {
              "post": [
                -7.08347,
                -9.70246,
                12.43935
              ],
              "lerp_mode": "catmullrom"
            },
            "0.5417": {
              "post": [
                -3.64883,
                -9.7842,
                -2.78368
              ],
              "lerp_mode": "catmullrom"
            },
            "0.75": {
              "post": [
                -11.87096,
                1.71902,
                74.15866
              ],
              "lerp_mode": "catmullrom"
            }
          }
        },
        "bone7": {
          "rotation": {
            "0.0": {
              "post": [
                32.5,
                0,
                0
              ],
              "lerp_mode": "catmullrom"
            },
            "0.375": {
              "post": [
                40,
                0,
                0
              ],
              "lerp_mode": "catmullrom"
            },
            "0.75": {
              "post": [
                32.5,
                0,
                0
              ],
              "lerp_mode": "catmullrom"
            }
          }
        },
        "bone2": {
          "rotation": {
            "0.0": {
              "post": [
                94.37582,
                -26.37752,
                -176.40125
              ],
              "lerp_mode": "catmullrom"
            },
            "0.1667": {
              "post": [
                98.53265,
                -22.61166,
                -176.31483
              ],
              "lerp_mode": "catmullrom"
            },
            "0.375": {
              "post": [
                103.99873,
                -11.41703,
                -175.24688
              ],
              "lerp_mode": "catmullrom"
            },
            "0.5417": {
              "post": [
                101.83477,
                -36.32068,
                -179.6926
              ],
              "lerp_mode": "catmullrom"
            },
            "0.75": {
              "post": [
                94.37582,
                -26.37752,
                -176.40125
              ],
              "lerp_mode": "catmullrom"
            }
          },
          "position": [
            0,
            4,
            0
          ]
        },
        "bone": {
          "rotation": {
            "0.0": [
              -10,
              0,
              0
            ],
            "0.375": [
              -2.5,
              0,
              0
            ],
            "0.75": [
              -10,
              0,
              0
            ]
          }
        },
        "bone6": {
          "rotation": {
            "0.0": {
              "post": [
                -62.5,
                0,
                0
              ],
              "lerp_mode": "catmullrom"
            },
            "0.375": {
              "post": [
                30,
                0,
                0
              ],
              "lerp_mode": "catmullrom"
            },
            "0.75": {
              "post": [
                -62.5,
                0,
                0
              ],
              "lerp_mode": "catmullrom"
            }
          }
        },
        "bone12": {
          "rotation": {
            "0.0": {
              "post": [
                67.5,
                0,
                0
              ],
              "lerp_mode": "catmullrom"
            },
            "0.1667": {
              "post": [
                82.9,
                0,
                0
              ],
              "lerp_mode": "catmullrom"
            },
            "0.375": {
              "post": [
                32.5,
                0,
                0
              ],
              "lerp_mode": "catmullrom"
            },
            "0.5833": {
              "post": [
                78.6,
                0,
                0
              ],
              "lerp_mode": "catmullrom"
            },
            "0.75": {
              "post": [
                67.5,
                0,
                0
              ],
              "lerp_mode": "catmullrom"
            }
          }
        }
      }
    },
    "animation.imitators_theteethed_chase.climb": {
      "loop": true,
      "animation_length": 0.75,
      "override_previous_animation": true,
      "bones": {
        "bone15": {
          "rotation": {
            "0.0": {
              "post": [
                -90,
                0,
                0
              ],
              "lerp_mode": "catmullrom"
            },
            "0.75": {
              "post": [
                -90,
                0,
                0
              ],
              "lerp_mode": "catmullrom"
            }
          },
          "position": {
            "0.0": {
              "post": [
                0,
                -32,
                2
              ],
              "lerp_mode": "catmullrom"
            },
            "0.75": {
              "post": [
                0,
                -32,
                2
              ],
              "lerp_mode": "catmullrom"
            }
          }
        },
        "bone5": {
          "rotation": {
            "0.0": {
              "post": [
                30,
                0,
                0
              ],
              "lerp_mode": "catmullrom"
            },
            "0.375": {
              "post": [
                -57.5,
                0,
                0
              ],
              "lerp_mode": "catmullrom"
            },
            "0.75": {
              "post": [
                30,
                0,
                0
              ],
              "lerp_mode": "catmullrom"
            }
          }
        },
        "bone13": {
          "rotation": {
            "0.0": {
              "post": [
                32.5,
                0,
                0
              ],
              "lerp_mode": "catmullrom"
            },
            "0.1667": {
              "post": [
                66.29,
                0,
                0
              ],
              "lerp_mode": "catmullrom"
            },
            "0.375": {
              "post": [
                75,
                0,
                0
              ],
              "lerp_mode": "catmullrom"
            },
            "0.5833": {
              "post": [
                67.72,
                0,
                0
              ],
              "lerp_mode": "catmullrom"
            },
            "0.75": {
              "post": [
                32.5,
                0,
                0
              ],
              "lerp_mode": "catmullrom"
            }
          }
        },
        "bone14": {
          "rotation": {
            "0.0": {
              "post": [
                67.5,
                0,
                0
              ],
              "lerp_mode": "catmullrom"
            },
            "0.1667": {
              "post": [
                67.5,
                0,
                0
              ],
              "lerp_mode": "catmullrom"
            },
            "0.75": {
              "post": [
                67.5,
                0,
                0
              ],
              "lerp_mode": "catmullrom"
            }
          }
        },
        "bone3": {
          "rotation": {
            "0.0": {
              "post": [
                -95,
                0,
                0
              ],
              "lerp_mode": "catmullrom"
            },
            "0.375": {
              "post": [
                -92.5,
                0,
                0
              ],
              "lerp_mode": "catmullrom"
            },
            "0.75": {
              "post": [
                -95,
                0,
                0
              ],
              "lerp_mode": "catmullrom"
            }
          }
        },
        "bone8": {
          "rotation": {
            "0.0": {
              "post": [
                -35,
                0,
                0
              ],
              "lerp_mode": "catmullrom"
            },
            "0.375": {
              "post": [
                -37.5,
                0,
                0
              ],
              "lerp_mode": "catmullrom"
            },
            "0.75": {
              "post": [
                -35,
                0,
                0
              ],
              "lerp_mode": "catmullrom"
            }
          }
        },
        "bone9": {
          "rotation": {
            "0.0": {
              "post": [
                -84.37662,
                64.87827,
                -84.1534
              ],
              "lerp_mode": "catmullrom"
            },
            "0.375": {
              "post": [
                -84.85017,
                62.38928,
                -84.68181
              ],
              "lerp_mode": "catmullrom"
            },
            "0.75": {
              "post": [
                -84.37662,
                64.87827,
                -84.1534
              ],
              "lerp_mode": "catmullrom"
            }
          }
        },
        "bone17": {
          "rotation": {
            "0.0": {
              "post": [
                0,
                0,
                -12.5
              ],
              "lerp_mode": "catmullrom"
            },
            "0.375": {
              "post": [
                0,
                0,
                -20
              ],
              "lerp_mode": "catmullrom"
            },
            "0.75": {
              "post": [
                0,
                0,
                -12.5
              ],
              "lerp_mode": "catmullrom"
            }
          }
        },
        "bone18": {
          "rotation": {
            "0.0": {
              "post": [
                -10.38614,
                29.96852,
                3.55739
              ],
              "lerp_mode": "catmullrom"
            },
            "0.375": {
              "post": [
                -15.38614,
                29.96852,
                3.55739
              ],
              "lerp_mode": "catmullrom"
            },
            "0.75": {
              "post": [
                -10.38614,
                29.96852,
                3.55739
              ],
              "lerp_mode": "catmullrom"
            }
          },
          "position": [
            0,
            0,
            1
          ]
        },
        "bone4": {
          "rotation": {
            "0.0": {
              "post": [
                17.23244,
                1.78961,
                1.60598
              ],
              "lerp_mode": "catmullrom"
            },
            "0.375": {
              "post": [
                -92.76756,
                1.78961,
                1.60598
              ],
              "lerp_mode": "catmullrom"
            },
            "0.75": {
              "post": [
                17.23244,
                1.78961,
                1.60598
              ],
              "lerp_mode": "catmullrom"
            }
          }
        },
        "bone10": {
          "rotation": {
            "0.0": {
              "post": [
                -32.5,
                0,
                0
              ],
              "lerp_mode": "catmullrom"
            },
            "0.1667": {
              "post": [
                -57.91,
                0,
                0
              ],
              "lerp_mode": "catmullrom"
            },
            "0.375": {
              "post": [
                -27.5,
                0,
                0
              ],
              "lerp_mode": "catmullrom"
            },
            "0.5417": {
              "post": [
                -38.67,
                0,
                0
              ],
              "lerp_mode": "catmullrom"
            },
            "0.75": {
              "post": [
                -32.5,
                0,
                0
              ],
              "lerp_mode": "catmullrom"
            }
          }
        },
        "bone11": {
          "rotation": {
            "0.0": {
              "post": [
                -82.96524,
                -49.54889,
                78.67275
              ],
              "lerp_mode": "catmullrom"
            },
            "0.0833": {
              "post": [
                -85.01731,
                -20.91334,
                82.24893
              ],
              "lerp_mode": "catmullrom"
            },
            "0.1667": {
              "post": [
                -84.22483,
                -31.94769,
                80.88193
              ],
              "lerp_mode": "catmullrom"
            },
            "0.375": {
              "post": [
                -78.34705,
                -66.83404,
                73.30113
              ],
              "lerp_mode": "catmullrom"
            },
            "0.5833": {
              "post": [
                -85.37093,
                -3.10247,
                83.75314
              ],
              "lerp_mode": "catmullrom"
            },
            "0.6667": {
              "post": [
                -84.83853,
                -13.4853,
                82.70377
              ],
              "lerp_mode": "catmullrom"
            },
            "0.75": {
              "post": [
                -82.96524,
                -49.54889,
                78.67275
              ],
              "lerp_mode": "catmullrom"
            }
          }
        },
        "bone16": {
          "rotation": {
            "0.0": {
              "post": [
                0,
                0,
                67.5
              ],
              "lerp_mode": "catmullrom"
            },
            "0.1667": {
              "post": [
                0,
                0,
                4.35
              ],
              "lerp_mode": "catmullrom"
            },
            "0.375": {
              "post": [
                0,
                0,
                0
              ],
              "lerp_mode": "catmullrom"
            },
            "0.5417": {
              "post": [
                0,
                0,
                -10.26
              ],
              "lerp_mode": "catmullrom"
            },
            "0.75": {
              "post": [
                0,
                0,
                67.5
              ],
              "lerp_mode": "catmullrom"
            }
          }
        },
        "bone19": {
          "rotation": {
            "0.0": {
              "post": [
                -11.87096,
                1.71902,
                74.15866
              ],
              "lerp_mode": "catmullrom"
            },
            "0.1667": {
              "post": [
                -6.36962,
                -8.14748,
                13.61222
              ],
              "lerp_mode": "catmullrom"
            },
            "0.375": {
              "post": [
                -7.08347,
                -9.70246,
                12.43935
              ],
              "lerp_mode": "catmullrom"
            },
            "0.5417": {
              "post": [
                -3.64883,
                -9.7842,
                -2.78368
              ],
              "lerp_mode": "catmullrom"
            },
            "0.75": {
              "post": [
                -11.87096,
                1.71902,
                74.15866
              ],
              "lerp_mode": "catmullrom"
            }
          }
        },
        "bone7": {
          "rotation": {
            "0.0": {
              "post": [
                32.5,
                0,
                0
              ],
              "lerp_mode": "catmullrom"
            },
            "0.375": {
              "post": [
                40,
                0,
                0
              ],
              "lerp_mode": "catmullrom"
            },
            "0.75": {
              "post": [
                32.5,
                0,
                0
              ],
              "lerp_mode": "catmullrom"
            }
          }
        },
        "bone2": {
          "rotation": {
            "0.0": {
              "post": [
                94.37582,
                -26.37752,
                -176.40125
              ],
              "lerp_mode": "catmullrom"
            },
            "0.1667": {
              "post": [
                98.53265,
                -22.61166,
                -176.31483
              ],
              "lerp_mode": "catmullrom"
            },
            "0.375": {
              "post": [
                103.99873,
                -11.41703,
                -175.24688
              ],
              "lerp_mode": "catmullrom"
            },
            "0.5417": {
              "post": [
                101.83477,
                -36.32068,
                -179.6926
              ],
              "lerp_mode": "catmullrom"
            },
            "0.75": {
              "post": [
                94.37582,
                -26.37752,
                -176.40125
              ],
              "lerp_mode": "catmullrom"
            }
          },
          "position": [
            0,
            4,
            0
          ]
        },
        "bone": {
          "rotation": {
            "0.0": [
              -10,
              0,
              0
            ],
            "0.375": [
              -2.5,
              0,
              0
            ],
            "0.75": [
              -10,
              0,
              0
            ]
          }
        },
        "bone6": {
          "rotation": {
            "0.0": {
              "post": [
                -62.5,
                0,
                0
              ],
              "lerp_mode": "catmullrom"
            },
            "0.375": {
              "post": [
                30,
                0,
                0
              ],
              "lerp_mode": "catmullrom"
            },
            "0.75": {
              "post": [
                -62.5,
                0,
                0
              ],
              "lerp_mode": "catmullrom"
            }
          }
        },
        "bone12": {
          "rotation": {
            "0.0": {
              "post": [
                67.5,
                0,
                0
              ],
              "lerp_mode": "catmullrom"
            },
            "0.1667": {
              "post": [
                82.9,
                0,
                0
              ],
              "lerp_mode": "catmullrom"
            },
            "0.375": {
              "post": [
                32.5,
                0,
                0
              ],
              "lerp_mode": "catmullrom"
            },
            "0.5833": {
              "post": [
                78.6,
                0,
                0
              ],
              "lerp_mode": "catmullrom"
            },
            "0.75": {
              "post": [
                67.5,
                0,
                0
              ],
              "lerp_mode": "catmullrom"
            }
          }
        }
      }
    },
    "animation.imitators_theteethed_chase.spotted": {
      "animation_length": 2,
      "override_previous_animation": true,
      "bones": {
        "bone15": {
          "rotation": {
            "0.0": [
              0,
              80,
              0
            ],
            "1.75": [
              0,
              80,
              0
            ],
            "2.0": [
              0,
              0,
              0
            ]
          },
          "position": {
            "0.0": [
              0,
              -1,
              -4
            ],
            "1.75": [
              0,
              -1,
              -4
            ],
            "2.0": [
              0,
              -10,
              37
            ]
          }
        },
        "bone5": {
          "rotation": {
            "0.0": [
              -17.5,
              0,
              0
            ],
            "0.7083": [
              -22.5,
              0,
              0
            ],
            "1.75": [
              -22.5,
              0,
              0
            ],
            "2.0": [
              22.5,
              0,
              0
            ]
          }
        },
        "bone13": {
          "rotation": {
            "0.0": [
              20,
              0,
              0
            ],
            "0.7083": [
              25,
              0,
              0
            ],
            "1.75": [
              25,
              0,
              0
            ],
            "2.0": [
              32.5,
              0,
              0
            ]
          }
        },
        "bone14": {
          "rotation": {
            "0.0": [
              12.5,
              0,
              0
            ],
            "0.0833": [
              10.05553,
              -40.48415,
              -1.19633
            ],
            "0.75": [
              9.70496,
              -38.02121,
              -0.6424
            ],
            "0.875": [
              10.4523,
              -42.94425,
              -1.79246
            ],
            "1.75": {
              "pre": [
                10.4523,
                -42.94425,
                -1.79246
              ],
              "post": [
                10.4523,
                -42.94425,
                -1.79246
              ],
              "lerp_mode": "catmullrom"
            },
            "2.0": {
              "post": [
                67.63241,
                -0.91447,
                5.24851
              ],
              "lerp_mode": "catmullrom"
            }
          }
        },
        "bone3": {
          "rotation": {
            "0.0": {
              "post": [
                -9.85108,
                -1.72794,
                -22.35108
              ],
              "lerp_mode": "catmullrom"
            },
            "0.5": {
              "post": [
                -10.28288,
                -1.49973,
                -19.88705
              ],
              "lerp_mode": "catmullrom"
            },
            "1.0": {
              "post": [
                -9.98825,
                -2.04921,
                -23.58213
              ],
              "lerp_mode": "catmullrom"
            },
            "1.75": {
              "post": [
                -9.85108,
                -1.72794,
                -22.35108
              ],
              "lerp_mode": "catmullrom"
            },
            "2.0": {
              "post": [
                -97.02803,
                -9.46101,
                0.00718
              ],
              "lerp_mode": "catmullrom"
            }
          }
        },
        "bone8": {
          "rotation": {
            "0.0": {
              "post": [
                0,
                0,
                20
              ],
              "lerp_mode": "catmullrom"
            },
            "0.5": {
              "post": [
                0,
                0,
                22.5
              ],
              "lerp_mode": "catmullrom"
            },
            "1.0": {
              "post": [
                0,
                0,
                23.75
              ],
              "lerp_mode": "catmullrom"
            },
            "1.75": {
              "post": [
                0,
                0,
                20
              ],
              "lerp_mode": "catmullrom"
            },
            "2.0": {
              "post": [
                -32.5,
                0,
                2.5
              ],
              "lerp_mode": "catmullrom"
            }
          }
        },
        "bone9": {
          "rotation": {
            "0.0": {
              "post": [
                0,
                0,
                -10
              ],
              "lerp_mode": "catmullrom"
            },
            "0.5": {
              "post": [
                0,
                0,
                -7.5
              ],
              "lerp_mode": "catmullrom"
            },
            "1.0": {
              "post": [
                0,
                0,
                -13.75
              ],
              "lerp_mode": "catmullrom"
            },
            "1.75": {
              "post": [
                0,
                0,
                -10
              ],
              "lerp_mode": "catmullrom"
            },
            "2.0": {
              "post": [
                -81.15821,
                49.41933,
                -88.42505
              ],
              "lerp_mode": "catmullrom"
            }
          },
          "scale": [
            1,
            0.9,
            1
          ]
        },
        "bone17": {
          "rotation": {
            "0.0": [
              -5.60537,
              -1.93299,
              -14.49406
            ],
            "2.0": [
              -5.18628,
              -2.87573,
              -24.45843
            ]
          }
        },
        "bone18": {
          "rotation": {
            "0.0": [
              -14.88715,
              2.87273,
              14.81412
            ],
            "0.0417": [
              -13.67666,
              6.5933,
              29.39798
            ],
            "0.0833": [
              -13.11316,
              6.86158,
              14.37583
            ],
            "0.125": [
              -12.19172,
              8.39267,
              21.76999
            ],
            "0.1667": [
              -13.2244,
              6.568,
              14.1829
            ],
            "0.2083": [
              -11.19084,
              9.64897,
              29.00682
            ],
            "0.25": [
              -12.07934,
              8.41626,
              23.59282
            ],
            "0.2917": [
              -10.57746,
              10.20882,
              33.23191
            ],
            "0.3333": [
              -12.60406,
              7.41847,
              20.21337
            ],
            "0.375": [
              -11.25555,
              9.33543,
              29.90624
            ],
            "0.4167": [
              -12.46473,
              7.54384,
              21.93126
            ],
            "0.4583": [
              -10.69249,
              9.89301,
              34.04082
            ],
            "0.5": [
              -11.64836,
              8.63575,
              28.30508
            ],
            "0.5417": [
              -12.76222,
              6.79915,
              20.3496
            ],
            "0.5833": [
              -11.53191,
              8.74581,
              29.97163
            ],
            "0.625": [
              -12.36845,
              7.43639,
              24.34488
            ],
            "0.6667": [
              -11.06669,
              9.26533,
              33.78241
            ],
            "0.7083": [
              -12.62033,
              6.87181,
              22.95667
            ],
            "0.75": [
              -11.77875,
              8.25607,
              29.91948
            ],
            "0.7917": [
              -13.13029,
              5.78025,
              19.24873
            ],
            "0.8333": [
              -12.40667,
              7.27571,
              26.34719
            ],
            "0.875": [
              -13.3515,
              5.31661,
              18.2751
            ],
            "0.9167": [
              -12.96553,
              6.29696,
              22.93641
            ],
            "0.9583": [
              -13.56944,
              4.89835,
              17.46884
            ],
            "1.0": [
              -13.21732,
              5.90572,
              22.14862
            ],
            "1.0417": [
              -13.78761,
              4.47892,
              16.65805
            ],
            "1.0833": [
              -12.65263,
              7.21317,
              28.71762
            ],
            "1.125": [
              -13.40626,
              5.64168,
              22.42953
            ],
            "1.1667": [
              -13.9736,
              4.14298,
              16.71054
            ],
            "1.2083": [
              -13.20685,
              6.34939,
              26.23021
            ],
            "1.25": [
              -14.07992,
              4.06594,
              17.28757
            ],
            "1.2917": [
              -13.35211,
              6.25536,
              26.62477
            ],
            "1.3333": [
              -14.25494,
              3.76742,
              16.96006
            ],
            "1.375": [
              -13.60351,
              5.97022,
              26.15907
            ],
            "1.4167": [
              -14.65881,
              2.45415,
              12.66973
            ],
            "1.4583": [
              -13.33499,
              6.94476,
              30.77446
            ],
            "1.5": [
              -14.88715,
              2.87273,
              14.81412
            ],
            "2.0": [
              -14.99476,
              2.22807,
              12.39625
            ]
          }
        },
        "bone4": {
          "rotation": {
            "0.0": {
              "post": [
                -9.96271,
                0.86717,
                -0.07558
              ],
              "lerp_mode": "catmullrom"
            },
            "0.7083": {
              "post": [
                -9.96271,
                0.86717,
                -0.07558
              ],
              "lerp_mode": "catmullrom"
            },
            "0.875": {
              "post": [
                -82.94461,
                -30.28482,
                16.24467
              ],
              "lerp_mode": "catmullrom"
            },
            "1.75": {
              "post": [
                -82.94461,
                -30.28482,
                16.24467
              ],
              "lerp_mode": "catmullrom"
            },
            "2.0": {
              "post": [
                15.74204,
                -5.72049,
                1.47884
              ],
              "lerp_mode": "catmullrom"
            }
          }
        },
        "bone10": {
          "rotation": {
            "0.0": {
              "post": [
                0,
                0,
                20
              ],
              "lerp_mode": "catmullrom"
            },
            "0.75": {
              "post": [
                0,
                0,
                22.5
              ],
              "lerp_mode": "catmullrom"
            },
            "0.875": {
              "post": [
                -10,
                0,
                2.5
              ],
              "lerp_mode": "catmullrom"
            },
            "1.75": {
              "post": [
                -10,
                0,
                2.5
              ],
              "lerp_mode": "catmullrom"
            },
            "2.0": {
              "post": [
                -40,
                0,
                2.5
              ],
              "lerp_mode": "catmullrom"
            }
          }
        },
        "bone11": {
          "rotation": {
            "0.0": {
              "post": [
                0,
                0,
                -10
              ],
              "lerp_mode": "catmullrom"
            },
            "0.75": {
              "post": [
                0,
                0,
                -12.5
              ],
              "lerp_mode": "catmullrom"
            },
            "0.875": {
              "post": [
                -63.39128,
                -84.41125,
                60.38045
              ],
              "lerp_mode": "catmullrom"
            },
            "1.75": {
              "post": [
                -63.39128,
                -84.41125,
                60.38045
              ],
              "lerp_mode": "catmullrom"
            },
            "2.0": {
              "post": [
                -86.61095,
                -42.45005,
                84.59112
              ],
              "lerp_mode": "catmullrom"
            }
          },
          "scale": [
            1,
            0.8,
            1
          ]
        },
        "bone16": {
          "rotation": {
            "0.0": [
              0.27706,
              -5.52292,
              22.22952
            ],
            "0.75": [
              0.51845,
              -5.50556,
              19.71796
            ],
            "0.9167": [
              5.45228,
              -0.92433,
              -55.30113
            ],
            "1.75": [
              5.45228,
              -0.92433,
              -55.30113
            ],
            "2.0": [
              -1.63404,
              -5.28362,
              42.31829
            ]
          },
          "position": {
            "0.0": [
              0,
              0,
              0
            ],
            "0.75": [
              0,
              0,
              0
            ],
            "0.9167": [
              -2,
              2,
              0
            ],
            "1.75": [
              -2,
              2,
              0
            ],
            "2.0": [
              -1,
              -1,
              0
            ]
          }
        },
        "bone19": {
          "rotation": {
            "0.0": [
              -5.86295,
              -20.15255,
              -8.57828
            ],
            "0.0417": [
              -1.6478,
              -19.01604,
              -19.39117
            ],
            "0.0833": [
              -3.35986,
              -18.79744,
              -14.11088
            ],
            "0.125": [
              -0.26566,
              -17.73133,
              -22.1156
            ],
            "0.1667": [
              -3.43875,
              -17.40717,
              -11.63046
            ],
            "0.2083": [
              0.53369,
              -17.72548,
              -24.74026
            ],
            "0.25": [
              -1.8607,
              -17.63849,
              -16.86832
            ],
            "0.2917": [
              0.53369,
              -17.72548,
              -24.74026
            ],
            "0.3333": [
              -2.65275,
              -17.54003,
              -14.24772
            ],
            "0.375": [
              -1.16972,
              -17.80521,
              -19.29133
            ],
            "0.4167": [
              -2.14857,
              -17.81596,
              -16.26926
            ],
            "0.4583": [
              -0.66914,
              -18.03509,
              -21.2283
            ],
            "0.5": [
              -1.69355,
              -18.06371,
              -18.09292
            ],
            "0.5417": [
              -0.22288,
              -18.24201,
              -22.95898
            ],
            "0.5833": [
              -1.29522,
              -18.2866,
              -19.70076
            ],
            "0.625": [
              -0.67145,
              -18.41886,
              -21.82936
            ],
            "0.6667": [
              -1.75372,
              -18.4431,
              -18.56325
            ],
            "0.7083": [
              -1.11984,
              -18.59576,
              -20.70026
            ],
            "0.75": [
              -3.05022,
              -18.48475,
              -14.79103
            ],
            "0.9167": [
              70.25691,
              9.756,
              -25.04953
            ],
            "1.75": [
              70.25691,
              9.756,
              -25.04953
            ],
            "2.0": [
              -7.42698,
              25.49373,
              27.91295
            ]
          },
          "position": [
            0,
            2,
            1
          ]
        },
        "bone7": {
          "rotation": {
            "0.0": [
              29.97638,
              -1.2497,
              2.16541
            ],
            "0.5": [
              29.62165,
              -4.98093,
              8.6822
            ],
            "0.75": [
              34.98919,
              -1.86202,
              3.24592
            ],
            "0.9167": [
              29.27434,
              -9.0532,
              5.50179
            ],
            "1.0833": [
              30.33165,
              -14.32438,
              -0.5143
            ],
            "1.5": [
              29.27434,
              -9.0532,
              5.50179
            ],
            "1.75": [
              29.63958,
              -6.11195,
              2.84633
            ],
            "2.0": [
              42.50483,
              -3.1707,
              0.19088
            ]
          }
        },
        "bone2": {
          "rotation": {
            "0.0": {
              "post": [
                -34.97437,
                -1.43364,
                -2.04831
              ],
              "lerp_mode": "catmullrom"
            },
            "0.0417": {
              "post": [
                -34.95411,
                1.66107,
                2.37294
              ],
              "lerp_mode": "catmullrom"
            },
            "0.0833": {
              "post": [
                -34.83623,
                -3.80663,
                -5.45245
              ],
              "lerp_mode": "catmullrom"
            },
            "0.125": {
              "post": [
                -43.57609,
                -33.71215,
                27.57647
              ],
              "lerp_mode": "catmullrom"
            },
            "0.1667": {
              "post": [
                -42.39458,
                -32.64962,
                15.81494
              ],
              "lerp_mode": "catmullrom"
            },
            "0.2083": {
              "post": [
                -42.75555,
                -32.57211,
                29.01384
              ],
              "lerp_mode": "catmullrom"
            },
            "0.25": {
              "post": [
                -40.75993,
                -28.398,
                25.72567
              ],
              "lerp_mode": "catmullrom"
            },
            "0.2917": {
              "post": [
                -41.87806,
                -31.02311,
                17.9443
              ],
              "lerp_mode": "catmullrom"
            },
            "0.3333": {
              "post": [
                -39.50388,
                -25.32042,
                21.12454
              ],
              "lerp_mode": "catmullrom"
            },
            "0.375": {
              "post": [
                -42.03134,
                -30.37386,
                16.02744
              ],
              "lerp_mode": "catmullrom"
            },
            "0.75": {
              "post": [
                -45.31675,
                -37.28933,
                28.43003
              ],
              "lerp_mode": "catmullrom"
            },
            "1.0": {
              "post": [
                -40.01964,
                -26.88386,
                14.69527
              ],
              "lerp_mode": "catmullrom"
            },
            "1.75": {
              "post": [
                -43.53769,
                -32.93175,
                24.28219
              ],
              "lerp_mode": "catmullrom"
            },
            "2.0": {
              "post": [
                82.89601,
                3.49167,
                179.44041
              ],
              "lerp_mode": "catmullrom"
            }
          },
          "position": {
            "0.0": [
              0,
              0,
              0
            ],
            "1.75": [
              0,
              0,
              0
            ],
            "2.0": [
              0,
              4,
              4
            ]
          }
        },
        "bone": {
          "rotation": {
            "0.0": {
              "post": [
                22.5,
                0,
                0
              ],
              "lerp_mode": "catmullrom"
            },
            "0.25": {
              "post": [
                9.53,
                0,
                0
              ],
              "lerp_mode": "catmullrom"
            },
            "0.2917": {
              "post": [
                11.1,
                0,
                0
              ],
              "lerp_mode": "catmullrom"
            },
            "0.3333": {
              "post": [
                3.21,
                0,
                0
              ],
              "lerp_mode": "catmullrom"
            },
            "0.375": {
              "post": [
                8.57,
                0,
                0
              ],
              "lerp_mode": "catmullrom"
            },
            "0.5": {
              "post": [
                10,
                0,
                0
              ],
              "lerp_mode": "catmullrom"
            },
            "1.0": {
              "post": [
                30,
                0,
                0
              ],
              "lerp_mode": "catmullrom"
            },
            "1.75": {
              "post": [
                22.5,
                0,
                0
              ],
              "lerp_mode": "catmullrom"
            },
            "2.0": {
              "post": [
                -12.5,
                0,
                0
              ],
              "lerp_mode": "catmullrom"
            }
          }
        },
        "bone6": {
          "rotation": {
            "0.0": [
              0,
              0,
              0
            ],
            "0.7083": [
              5,
              0,
              0
            ],
            "1.75": [
              5,
              0,
              0
            ],
            "2.0": [
              -60,
              0,
              0
            ]
          }
        },
        "bone12": {
          "rotation": {
            "0.0": [
              30,
              0,
              0
            ],
            "0.7083": [
              22.5,
              0,
              0
            ],
            "1.75": [
              22.5,
              0,
              0
            ],
            "2.0": [
              60,
              0,
              0
            ]
          }
        },
        "bone20": {
          "rotation": {
            "0.0": [
              0,
              0,
              0
            ],
            "0.75": [
              0,
              0,
              0
            ],
            "0.9167": [
              0,
              0,
              55
            ],
            "1.75": [
              0,
              0,
              55
            ],
            "2.0": [
              0,
              0,
              7.5
            ]
          },
          "position": {
            "0.0": [
              0,
              0,
              0
            ],
            "0.75": [
              0,
              0,
              0
            ],
            "0.9167": [
              -2,
              -2,
              0
            ]
          }
        }
      }
    },
    "animation.imitators_theteethed_chase.attack": {
      "animation_length": 0.75,
      "override_previous_animation": true,
      "bones": {
        "bone15": {
          "position": [
            0,
            -10,
            44
          ]
        },
        "bone5": {
          "rotation": {
            "0.0": {
              "post": [
                30,
                0,
                0
              ],
              "lerp_mode": "catmullrom"
            },
            "0.375": {
              "post": [
                -57.5,
                0,
                0
              ],
              "lerp_mode": "catmullrom"
            },
            "0.75": {
              "post": [
                30,
                0,
                0
              ],
              "lerp_mode": "catmullrom"
            }
          }
        },
        "bone13": {
          "rotation": {
            "0.0": {
              "post": [
                32.5,
                0,
                0
              ],
              "lerp_mode": "catmullrom"
            },
            "0.1667": {
              "post": [
                66.29,
                0,
                0
              ],
              "lerp_mode": "catmullrom"
            },
            "0.375": {
              "post": [
                75,
                0,
                0
              ],
              "lerp_mode": "catmullrom"
            },
            "0.5833": {
              "post": [
                67.72,
                0,
                0
              ],
              "lerp_mode": "catmullrom"
            },
            "0.75": {
              "post": [
                32.5,
                0,
                0
              ],
              "lerp_mode": "catmullrom"
            }
          }
        },
        "bone14": {
          "rotation": {
            "0.0": {
              "post": [
                67.5,
                0,
                0
              ],
              "lerp_mode": "catmullrom"
            },
            "0.1667": {
              "post": [
                67.5,
                0,
                0
              ],
              "lerp_mode": "catmullrom"
            },
            "0.75": {
              "post": [
                67.5,
                0,
                0
              ],
              "lerp_mode": "catmullrom"
            }
          }
        },
        "bone3": {
          "rotation": {
            "0.0": {
              "post": [
                -95,
                0,
                0
              ],
              "lerp_mode": "catmullrom"
            },
            "0.125": {
              "post": [
                13.43733,
                -57.98454,
                -74.43625
              ],
              "lerp_mode": "catmullrom"
            },
            "0.5833": {
              "post": [
                69.4357,
                -64.47552,
                -80.21503
              ],
              "lerp_mode": "catmullrom"
            },
            "0.6667": {
              "post": [
                -10.59247,
                -58.83759,
                -67.65062
              ],
              "lerp_mode": "catmullrom"
            },
            "0.7083": {
              "post": [
                -77.82913,
                -58.68423,
                -39.96694
              ],
              "lerp_mode": "catmullrom"
            },
            "0.75": {
              "post": [
                -145,
                0,
                0
              ],
              "lerp_mode": "catmullrom"
            }
          }
        },
        "bone8": {
          "rotation": {
            "0.0": {
              "post": [
                -35,
                0,
                0
              ],
              "lerp_mode": "catmullrom"
            },
            "0.125": {
              "post": [
                -45.65,
                0,
                0
              ],
              "lerp_mode": "catmullrom"
            },
            "0.375": {
              "post": [
                -50,
                0,
                0
              ],
              "lerp_mode": "catmullrom"
            },
            "0.5833": {
              "post": [
                -43.47,
                0,
                0
              ],
              "lerp_mode": "catmullrom"
            },
            "0.75": {
              "post": [
                -2.5,
                0,
                0
              ],
              "lerp_mode": "catmullrom"
            }
          }
        },
        "bone9": {
          "rotation": {
            "0.0": {
              "post": [
                -84.37662,
                64.87827,
                -84.1534
              ],
              "lerp_mode": "catmullrom"
            },
            "0.125": {
              "post": [
                -55.93806,
                -5.19979,
                4.89717
              ],
              "lerp_mode": "catmullrom"
            },
            "0.375": {
              "post": [
                -52.60738,
                3.70461,
                -7.18466
              ],
              "lerp_mode": "catmullrom"
            },
            "0.5833": {
              "post": [
                -66.39037,
                -1.13881,
                -8.11006
              ],
              "lerp_mode": "catmullrom"
            },
            "0.6667": {
              "post": [
                -43.9598,
                3.09335,
                31.39735
              ],
              "lerp_mode": "catmullrom"
            },
            "0.7083": {
              "post": [
                -29.34581,
                3.72316,
                27.37987
              ],
              "lerp_mode": "catmullrom"
            },
            "0.75": {
              "post": [
                -46.51076,
                86.53454,
                -45.81092
              ],
              "lerp_mode": "catmullrom"
            }
          }
        },
        "bone17": {
          "rotation": {
            "0.0": {
              "post": [
                0,
                0,
                -12.5
              ],
              "lerp_mode": "catmullrom"
            },
            "0.125": {
              "post": [
                -4.7996,
                7.99597,
                69.3828
              ],
              "lerp_mode": "catmullrom"
            },
            "0.375": {
              "post": [
                -4.7996,
                7.99597,
                69.3828
              ],
              "lerp_mode": "catmullrom"
            },
            "0.75": {
              "post": [
                -4.7996,
                7.99597,
                69.3828
              ],
              "lerp_mode": "catmullrom"
            }
          },
          "position": {
            "0.0": [
              0,
              0,
              0
            ],
            "0.125": [
              4,
              0,
              0
            ]
          }
        },
        "bone18": {
          "rotation": {
            "0.0": {
              "post": [
                -10.38614,
                29.96852,
                3.55739
              ],
              "lerp_mode": "catmullrom"
            },
            "0.125": {
              "post": [
                74.71699,
                12.54832,
                14.16189
              ],
              "lerp_mode": "catmullrom"
            },
            "0.375": {
              "post": [
                74.71699,
                12.54832,
                14.16189
              ],
              "lerp_mode": "catmullrom"
            },
            "0.75": {
              "post": [
                74.71699,
                12.54832,
                14.16189
              ],
              "lerp_mode": "catmullrom"
            }
          },
          "position": {
            "0.0": [
              0,
              0,
              1
            ],
            "0.125": [
              0,
              0,
              -2
            ]
          }
        },
        "bone4": {
          "rotation": {
            "0.0": {
              "post": [
                17.23244,
                1.78961,
                1.60598
              ],
              "lerp_mode": "catmullrom"
            },
            "0.375": {
              "post": [
                -92.76756,
                1.78961,
                1.60598
              ],
              "lerp_mode": "catmullrom"
            },
            "0.75": {
              "post": [
                17.23244,
                1.78961,
                1.60598
              ],
              "lerp_mode": "catmullrom"
            }
          }
        },
        "bone10": {
          "rotation": {
            "0.0": {
              "post": [
                -32.5,
                0,
                0
              ],
              "lerp_mode": "catmullrom"
            },
            "0.1667": {
              "post": [
                -57.91,
                0,
                0
              ],
              "lerp_mode": "catmullrom"
            },
            "0.375": {
              "post": [
                -27.5,
                0,
                0
              ],
              "lerp_mode": "catmullrom"
            },
            "0.5417": {
              "post": [
                -38.67,
                0,
                0
              ],
              "lerp_mode": "catmullrom"
            },
            "0.75": {
              "post": [
                -32.5,
                0,
                0
              ],
              "lerp_mode": "catmullrom"
            }
          }
        },
        "bone11": {
          "rotation": {
            "0.0": {
              "post": [
                -82.96524,
                -49.54889,
                78.67275
              ],
              "lerp_mode": "catmullrom"
            },
            "0.0833": {
              "post": [
                -85.01731,
                -20.91334,
                82.24893
              ],
              "lerp_mode": "catmullrom"
            },
            "0.1667": {
              "post": [
                -84.22483,
                -31.94769,
                80.88193
              ],
              "lerp_mode": "catmullrom"
            },
            "0.375": {
              "post": [
                -78.34705,
                -66.83404,
                73.30113
              ],
              "lerp_mode": "catmullrom"
            },
            "0.5833": {
              "post": [
                -85.37093,
                -3.10247,
                83.75314
              ],
              "lerp_mode": "catmullrom"
            },
            "0.6667": {
              "post": [
                -84.83853,
                -13.4853,
                82.70377
              ],
              "lerp_mode": "catmullrom"
            },
            "0.75": {
              "post": [
                -82.96524,
                -49.54889,
                78.67275
              ],
              "lerp_mode": "catmullrom"
            }
          }
        },
        "bone16": {
          "rotation": {
            "0.0": {
              "post": [
                0,
                0,
                67.5
              ],
              "lerp_mode": "catmullrom"
            },
            "0.1667": {
              "post": [
                0,
                0,
                4.35
              ],
              "lerp_mode": "catmullrom"
            },
            "0.375": {
              "post": [
                0,
                0,
                0
              ],
              "lerp_mode": "catmullrom"
            },
            "0.5417": {
              "post": [
                0,
                0,
                -10.26
              ],
              "lerp_mode": "catmullrom"
            },
            "0.75": {
              "post": [
                0,
                0,
                67.5
              ],
              "lerp_mode": "catmullrom"
            }
          }
        },
        "bone19": {
          "rotation": {
            "0.0": {
              "post": [
                -11.87096,
                1.71902,
                74.15866
              ],
              "lerp_mode": "catmullrom"
            },
            "0.1667": {
              "post": [
                -6.36962,
                -8.14748,
                13.61222
              ],
              "lerp_mode": "catmullrom"
            },
            "0.375": {
              "post": [
                -7.08347,
                -9.70246,
                12.43935
              ],
              "lerp_mode": "catmullrom"
            },
            "0.5417": {
              "post": [
                -3.64883,
                -9.7842,
                -2.78368
              ],
              "lerp_mode": "catmullrom"
            },
            "0.75": {
              "post": [
                -11.87096,
                1.71902,
                74.15866
              ],
              "lerp_mode": "catmullrom"
            }
          }
        },
        "bone7": {
          "rotation": {
            "0.0": {
              "post": [
                32.5,
                0,
                0
              ],
              "lerp_mode": "catmullrom"
            },
            "0.375": {
              "post": [
                40,
                0,
                0
              ],
              "lerp_mode": "catmullrom"
            },
            "0.75": {
              "post": [
                32.5,
                0,
                0
              ],
              "lerp_mode": "catmullrom"
            }
          }
        },
        "bone2": {
          "rotation": {
            "0.0": {
              "post": [
                94.37582,
                -26.37752,
                -176.40125
              ],
              "lerp_mode": "catmullrom"
            },
            "0.1667": {
              "post": [
                98.53265,
                -22.61166,
                -176.31483
              ],
              "lerp_mode": "catmullrom"
            },
            "0.375": {
              "post": [
                103.99873,
                -11.41703,
                -175.24688
              ],
              "lerp_mode": "catmullrom"
            },
            "0.5417": {
              "post": [
                101.83477,
                -36.32068,
                -179.6926
              ],
              "lerp_mode": "catmullrom"
            },
            "0.75": {
              "post": [
                94.37582,
                -26.37752,
                -176.40125
              ],
              "lerp_mode": "catmullrom"
            }
          },
          "position": [
            0,
            4,
            0
          ]
        },
        "bone": {
          "rotation": {
            "0.0": [
              -10,
              0,
              0
            ],
            "0.375": [
              -2.5,
              0,
              0
            ],
            "0.75": [
              -10,
              0,
              0
            ]
          }
        },
        "bone6": {
          "rotation": {
            "0.0": {
              "post": [
                -62.5,
                0,
                0
              ],
              "lerp_mode": "catmullrom"
            },
            "0.375": {
              "post": [
                30,
                0,
                0
              ],
              "lerp_mode": "catmullrom"
            },
            "0.75": {
              "post": [
                -62.5,
                0,
                0
              ],
              "lerp_mode": "catmullrom"
            }
          }
        },
        "bone12": {
          "rotation": {
            "0.0": {
              "post": [
                67.5,
                0,
                0
              ],
              "lerp_mode": "catmullrom"
            },
            "0.1667": {
              "post": [
                82.9,
                0,
                0
              ],
              "lerp_mode": "catmullrom"
            },
            "0.375": {
              "post": [
                32.5,
                0,
                0
              ],
              "lerp_mode": "catmullrom"
            },
            "0.5833": {
              "post": [
                78.6,
                0,
                0
              ],
              "lerp_mode": "catmullrom"
            },
            "0.75": {
              "post": [
                67.5,
                0,
                0
              ],
              "lerp_mode": "catmullrom"
            }
          }
        }
      }
    }
  }
}