{
  "format_version": "1.8.0",
  "animations": {
    "animation.imitators_tornopen2.idle": {
      "loop": true,
      "animation_length": 3,
      "override_previous_animation": true,
      "bones": {
        "right_leg": {
          "rotation": [
            75,
            0,
            0
          ],
          "position": [
            0,
            -8,
            -3
          ]
        },
        "left_leg": {
          "rotation": [
            75,
            0,
            0
          ],
          "position": [
            0,
            -8,
            -3
          ]
        },
        "body": {
          "rotation": [
            5,
            0,
            0
          ],
          "position": [
            0,
            -7,
            -1
          ]
        },
        "bone2": {
          "scale": [
            1,
            1,
            0.1
          ]
        },
        "head": {
          "rotation": {
            "0.0": {
              "post": [
                32.30998,
                25.71543,
                10.09541
              ],
              "lerp_mode": "catmullrom"
            },
            "0.0417": {
              "post": [
                31.58265,
                30.80121,
                11.73574
              ],
              "lerp_mode": "catmullrom"
            },
            "0.0833": {
              "post": [
                33.35693,
                26.77057,
                13.92997
              ],
              "lerp_mode": "catmullrom"
            },
            "0.125": {
              "post": [
                35.32312,
                23.86188,
                18.451
              ],
              "lerp_mode": "catmullrom"
            },
            "0.1667": {
              "post": [
                32.2194,
                28.09472,
                11.35418
              ],
              "lerp_mode": "catmullrom"
            },
            "0.4167": {
              "post": [
                33.34784,
                27.88297,
                13.8017
              ],
              "lerp_mode": "catmullrom"
            },
            "0.4583": {
              "post": [
                29.6542,
                31.85265,
                6.37055
              ],
              "lerp_mode": "catmullrom"
            },
            "0.5": {
              "post": [
                34.47694,
                26.4263,
                16.21982
              ],
              "lerp_mode": "catmullrom"
            },
            "0.5417": {
              "post": [
                29.80696,
                31.76737,
                6.60152
              ],
              "lerp_mode": "catmullrom"
            },
            "0.5833": {
              "post": [
                32.45461,
                29.15364,
                11.80397
              ],
              "lerp_mode": "catmullrom"
            },
            "0.75": {
              "post": [
                32.30998,
                25.71543,
                10.09541
              ],
              "lerp_mode": "catmullrom"
            },
            "0.9167": {
              "post": [
                33.85,
                16.0431,
                13.36627
              ],
              "lerp_mode": "catmullrom"
            },
            "0.9583": {
              "post": [
                30.22495,
                21.43805,
                1.37711
              ],
              "lerp_mode": "catmullrom"
            },
            "1.0": {
              "post": [
                30.83972,
                19.06256,
                2.80451
              ],
              "lerp_mode": "catmullrom"
            },
            "1.0417": {
              "post": [
                32.03893,
                15.10189,
                6.69618
              ],
              "lerp_mode": "catmullrom"
            },
            "1.0833": {
              "post": [
                30.56576,
                7.79784,
                -3.64401
              ],
              "lerp_mode": "catmullrom"
            },
            "1.125": {
              "post": [
                30.2274,
                -2.01741,
                -9.44638
              ],
              "lerp_mode": "catmullrom"
            },
            "1.1667": {
              "post": [
                30.99762,
                8.88146,
                0.04704
              ],
              "lerp_mode": "catmullrom"
            },
            "1.5417": {
              "post": [
                29.18398,
                -9.03694,
                -10.26278
              ],
              "lerp_mode": "catmullrom"
            },
            "2.0": {
              "post": [
                29.36935,
                -24.31339,
                -13.70996
              ],
              "lerp_mode": "catmullrom"
            },
            "2.0417": {
              "post": [
                32.35166,
                -21.17101,
                -21.28321
              ],
              "lerp_mode": "catmullrom"
            },
            "2.0833": {
              "post": [
                31.68626,
                -22.78192,
                -19.36924
              ],
              "lerp_mode": "catmullrom"
            },
            "2.125": {
              "post": [
                28.75686,
                -26.99328,
                -12.3688
              ],
              "lerp_mode": "catmullrom"
            },
            "2.1667": {
              "post": [
                32.95454,
                -22.13987,
                -22.27972
              ],
              "lerp_mode": "catmullrom"
            },
            "2.2083": {
              "post": [
                36.16897,
                -16.77604,
                -31.56496
              ],
              "lerp_mode": "catmullrom"
            },
            "2.2917": {
              "post": [
                34.25837,
                -22.6847,
                -26.14021
              ],
              "lerp_mode": "catmullrom"
            },
            "2.5": {
              "post": [
                33.71707,
                -24.84393,
                -20.77754
              ],
              "lerp_mode": "catmullrom"
            },
            "3.0": {
              "post": [
                32.30998,
                25.71543,
                10.09541
              ],
              "lerp_mode": "catmullrom"
            }
          }
        },
        "bone3": {
          "scale": [
            1,
            1,
            0.3
          ]
        },
        "left_arm": {
          "rotation": {
            "0.0": {
              "post": [
                -42.25489,
                -5.05904,
                -5.54401
              ],
              "lerp_mode": "catmullrom"
            },
            "1.25": {
              "post": [
                -42.25489,
                -5.05904,
                -5.54401
              ],
              "lerp_mode": "catmullrom"
            },
            "1.75": {
              "post": [
                -57.25489,
                -5.05904,
                -5.54401
              ],
              "lerp_mode": "catmullrom"
            },
            "2.375": {
              "post": [
                -52.53596,
                -16.73368,
                1.26674
              ],
              "lerp_mode": "catmullrom"
            },
            "3.0": {
              "post": [
                -42.25489,
                -5.05904,
                -5.54401
              ],
              "lerp_mode": "catmullrom"
            }
          }
        },
        "right_arm": {
          "rotation": {
            "0.0": {
              "post": [
                -26.8516,
                10.21235,
                7.24677
              ],
              "lerp_mode": "catmullrom"
            },
            "0.7917": {
              "post": [
                -51.8516,
                10.21235,
                7.24677
              ],
              "lerp_mode": "catmullrom"
            },
            "1.75": {
              "post": [
                -26.81361,
                10.21235,
                7.24677
              ],
              "lerp_mode": "catmullrom"
            },
            "3.0": {
              "post": [
                -26.8516,
                10.21235,
                7.24677
              ],
              "lerp_mode": "catmullrom"
            }
          }
        },
        "bone4": {
          "scale": [
            0,
            1,
            0
          ]
        },
        "bone": {
          "rotation": [
            12.5,
            60,
            0
          ],
          "position": [
            1,
            -1,
            0
          ]
        }
      }
    },
    "animation.imitators_tornopen2.run": {
      "loop": true,
      "animation_length": 0.5,
      "override_previous_animation": true,
      "bones": {
        "right_leg": {
          "rotation": {
            "0.0": {
              "post": [
                55,
                0,
                0
              ],
              "lerp_mode": "catmullrom"
            },
            "0.125": {
              "post": [
                71.25,
                0,
                0
              ],
              "lerp_mode": "catmullrom"
            },
            "0.25": {
              "post": [
                -17.5,
                0,
                0
              ],
              "lerp_mode": "catmullrom"
            },
            "0.375": {
              "post": [
                -20.31,
                0,
                0
              ],
              "lerp_mode": "catmullrom"
            },
            "0.5": {
              "post": [
                55,
                0,
                0
              ],
              "lerp_mode": "catmullrom"
            }
          },
          "position": {
            "0.0": {
              "post": [
                0,
                0,
                1
              ],
              "lerp_mode": "catmullrom"
            },
            "0.125": {
              "post": [
                0,
                0,
                -4
              ],
              "lerp_mode": "catmullrom"
            },
            "0.25": {
              "post": [
                0,
                0,
                -5
              ],
              "lerp_mode": "catmullrom"
            },
            "0.5": {
              "post": [
                0,
                0,
                1
              ],
              "lerp_mode": "catmullrom"
            }
          }
        },
        "left_leg": {
          "rotation": {
            "0.0": {
              "post": [
                -2.5,
                0,
                0
              ],
              "lerp_mode": "catmullrom"
            },
            "0.125": {
              "post": [
                0,
                0,
                0
              ],
              "lerp_mode": "catmullrom"
            },
            "0.25": {
              "post": [
                97.5,
                0,
                0
              ],
              "lerp_mode": "catmullrom"
            },
            "0.375": {
              "post": [
                65.94,
                0,
                0
              ],
              "lerp_mode": "catmullrom"
            },
            "0.5": {
              "post": [
                -2.5,
                0,
                0
              ],
              "lerp_mode": "catmullrom"
            }
          },
          "position": {
            "0.0": {
              "post": [
                0,
                0,
                -5
              ],
              "lerp_mode": "catmullrom"
            },
            "0.25": {
              "post": [
                0,
                0,
                1
              ],
              "lerp_mode": "catmullrom"
            },
            "0.375": {
              "post": [
                0,
                0,
                -6
              ],
              "lerp_mode": "catmullrom"
            },
            "0.5": {
              "post": [
                0,
                0,
                -5
              ],
              "lerp_mode": "catmullrom"
            }
          }
        },
        "body": {
          "rotation": {
            "0.0": {
              "post": [
                45,
                0,
                0
              ],
              "lerp_mode": "catmullrom"
            },
            "0.0417": {
              "post": [
                41.87196,
                1.50068,
                -1.99972
              ],
              "lerp_mode": "catmullrom"
            },
            "0.0833": {
              "post": [
                39.26116,
                -0.56334,
                0.94138
              ],
              "lerp_mode": "catmullrom"
            },
            "0.125": {
              "post": [
                41.25,
                0,
                0
              ],
              "lerp_mode": "catmullrom"
            },
            "0.1667": {
              "post": [
                40.07578,
                1.29522,
                -2.23297
              ],
              "lerp_mode": "catmullrom"
            },
            "0.2083": {
              "post": [
                28.99001,
                -1.69732,
                3.11652
              ],
              "lerp_mode": "catmullrom"
            },
            "0.25": {
              "post": [
                37.5,
                0,
                0
              ],
              "lerp_mode": "catmullrom"
            },
            "0.2917": {
              "post": [
                30.33644,
                -0.94456,
                2.02855
              ],
              "lerp_mode": "catmullrom"
            },
            "0.375": {
              "post": [
                27.5,
                0,
                0
              ],
              "lerp_mode": "catmullrom"
            },
            "0.5": {
              "post": [
                45,
                0,
                0
              ],
              "lerp_mode": "catmullrom"
            }
          },
          "position": {
            "0.0": {
              "post": [
                0,
                0,
                0
              ],
              "lerp_mode": "catmullrom"
            },
            "0.25": {
              "post": [
                0,
                -1,
                -2
              ],
              "lerp_mode": "catmullrom"
            },
            "0.5": {
              "post": [
                0,
                0,
                0
              ],
              "lerp_mode": "catmullrom"
            }
          }
        },
        "head": {
          "rotation": {
            "0.0": {
              "post": [
                -28.07555,
                -11.0311,
                -19.7339
              ],
              "lerp_mode": "catmullrom"
            },
            "0.125": {
              "post": [
                -26.56505,
                -14.47751,
                -26.56505
              ],
              "lerp_mode": "catmullrom"
            },
            "0.25": {
              "post": [
                -27.99633,
                -10.10513,
                -18.27283
              ],
              "lerp_mode": "catmullrom"
            },
            "0.375": {
              "post": [
                -27.54988,
                -12.5448,
                -22.6993
              ],
              "lerp_mode": "catmullrom"
            },
            "0.5": {
              "post": [
                -28.07555,
                -11.0311,
                -19.7339
              ],
              "lerp_mode": "catmullrom"
            }
          }
        },
        "left_arm": {
          "rotation": {
            "0.0": {
              "post": [
                -71.73137,
                -29.8742,
                -2.88066
              ],
              "lerp_mode": "catmullrom"
            },
            "0.125": {
              "post": [
                -60.19117,
                -19.81233,
                5.31105
              ],
              "lerp_mode": "catmullrom"
            },
            "0.25": {
              "post": [
                -5.38523,
                -29.79913,
                -20.18896
              ],
              "lerp_mode": "catmullrom"
            },
            "0.375": {
              "post": [
                -65.81551,
                -19.09875,
                -22.5169
              ],
              "lerp_mode": "catmullrom"
            },
            "0.5": {
              "post": [
                -71.73137,
                -29.8742,
                -2.88066
              ],
              "lerp_mode": "catmullrom"
            }
          },
          "scale": [
            1,
            1.4,
            1
          ]
        },
        "right_arm": {
          "rotation": {
            "0.0": {
              "post": [
                -21.47027,
                24.09293,
                -6.8817
              ],
              "lerp_mode": "catmullrom"
            },
            "0.125": {
              "post": [
                -81.28509,
                24.09293,
                -6.8817
              ],
              "lerp_mode": "catmullrom"
            },
            "0.25": {
              "post": [
                -76.0999,
                24.09293,
                -6.8817
              ],
              "lerp_mode": "catmullrom"
            },
            "0.375": {
              "post": [
                -29.72259,
                24.09293,
                -6.8817
              ],
              "lerp_mode": "catmullrom"
            },
            "0.5": {
              "post": [
                -21.47027,
                24.09293,
                -6.8817
              ],
              "lerp_mode": "catmullrom"
            }
          },
          "scale": [
            1,
            1.6,
            1
          ]
        },
        "bone4": {
          "rotation": {
            "0.0": {
              "post": [
                -32.5,
                0,
                0
              ],
              "lerp_mode": "catmullrom"
            },
            "0.0417": {
              "post": [
                -31.8545,
                0.62532,
                -1.68238
              ],
              "lerp_mode": "catmullrom"
            },
            "0.0833": {
              "post": [
                -30.15749,
                18.37266,
                25.13684
              ],
              "lerp_mode": "catmullrom"
            },
            "0.125": {
              "post": [
                -13.22494,
                33.18728,
                65.7775
              ],
              "lerp_mode": "catmullrom"
            },
            "0.1667": {
              "post": [
                1.65616,
                33.48376,
                97.68084
              ],
              "lerp_mode": "catmullrom"
            },
            "0.2083": {
              "post": [
                19.22609,
                30.67757,
                134.89062
              ],
              "lerp_mode": "catmullrom"
            },
            "0.25": {
              "post": [
                29.30483,
                10.35079,
                174.66671
              ],
              "lerp_mode": "catmullrom"
            },
            "0.2917": {
              "post": [
                23.20062,
                -6.6161,
                221.16186
              ],
              "lerp_mode": "catmullrom"
            },
            "0.3333": {
              "post": [
                3.90289,
                -15.77024,
                270.10505
              ],
              "lerp_mode": "catmullrom"
            },
            "0.375": {
              "post": [
                -10.22079,
                -11.02368,
                315.29056
              ],
              "lerp_mode": "catmullrom"
            },
            "0.4167": {
              "post": [
                -18.74972,
                1.27509,
                362.04704
              ],
              "lerp_mode": "catmullrom"
            },
            "0.4583": {
              "post": [
                -17.99857,
                25.46424,
                411.21654
              ],
              "lerp_mode": "catmullrom"
            },
            "0.5": {
              "post": [
                -20.07273,
                26.11218,
                410.29958
              ],
              "lerp_mode": "catmullrom"
            }
          },
          "position": {
            "0.0": {
              "post": [
                0,
                33,
                -15
              ],
              "lerp_mode": "catmullrom"
            },
            "0.0417": {
              "post": [
                -1.44,
                29.99,
                -8.59
              ],
              "lerp_mode": "catmullrom"
            },
            "0.125": {
              "post": [
                -1,
                24,
                -1
              ],
              "lerp_mode": "catmullrom"
            },
            "0.1667": {
              "post": [
                0.96,
                23.39,
                -5.95
              ],
              "lerp_mode": "catmullrom"
            },
            "0.2083": {
              "post": [
                2.68,
                29.69,
                -12.7
              ],
              "lerp_mode": "catmullrom"
            },
            "0.25": {
              "post": [
                1.26,
                30.96,
                -19.44
              ],
              "lerp_mode": "catmullrom"
            },
            "0.2917": {
              "post": [
                4.57,
                27.42,
                -21.57
              ],
              "lerp_mode": "catmullrom"
            },
            "0.3333": {
              "post": [
                -0.18,
                21.65,
                -15.83
              ],
              "lerp_mode": "catmullrom"
            },
            "0.375": {
              "post": [
                -0.42,
                19.73,
                -9.62
              ],
              "lerp_mode": "catmullrom"
            },
            "0.4167": {
              "post": [
                -0.41,
                23.04,
                -14.73
              ],
              "lerp_mode": "catmullrom"
            },
            "0.4583": {
              "post": [
                -0.11,
                29.29,
                -17.65
              ],
              "lerp_mode": "catmullrom"
            },
            "0.5": {
              "post": [
                0,
                33,
                -15
              ],
              "lerp_mode": "catmullrom"
            }
          },
          "scale": {
            "0.0": {
              "post": [
                1,
                1,
                2.3
              ],
              "lerp_mode": "catmullrom"
            },
            "0.125": {
              "post": [
                1,
                1,
                1.4
              ],
              "lerp_mode": "catmullrom"
            },
            "0.25": {
              "post": [
                1,
                1,
                2.4333
              ],
              "lerp_mode": "catmullrom"
            },
            "0.375": {
              "post": [
                1.3,
                0.6,
                1.6667
              ],
              "lerp_mode": "catmullrom"
            },
            "0.5": {
              "post": [
                1,
                1,
                2.3
              ],
              "lerp_mode": "catmullrom"
            }
          }
        },
        "bone": {
          "position": [
            0,
            0,
            14
          ]
        }
      }
    },
    "animation.imitators_tornopen2.spotted": {
      "animation_length": 4.5,
      "override_previous_animation": true,
      "bones": {
        "right_leg": {
          "rotation": {
            "0.0": {
              "post": [
                87.5,
                0,
                0
              ],
              "lerp_mode": "catmullrom"
            },
            "0.5": {
              "post": [
                87.18203,
                -27.47162,
                1.30078
              ],
              "lerp_mode": "catmullrom"
            },
            "1.0": {
              "post": [
                86.85,
                -37.45817,
                1.91699
              ],
              "lerp_mode": "catmullrom"
            },
            "3.0": {
              "post": [
                76.85,
                -37.45817,
                1.91699
              ],
              "lerp_mode": "catmullrom"
            },
            "3.3333": {
              "post": [
                31.85,
                -37.45817,
                1.91699
              ],
              "lerp_mode": "catmullrom"
            },
            "3.7083": {
              "post": [
                6.85,
                -37.45817,
                1.91699
              ],
              "lerp_mode": "catmullrom"
            },
            "3.875": {
              "post": [
                -8.81546,
                -37.41449,
                1.9143
              ],
              "lerp_mode": "catmullrom"
            },
            "4.0": {
              "post": [
                1.85,
                -37.45817,
                1.91699
              ],
              "lerp_mode": "catmullrom"
            },
            "4.25": {
              "post": [
                21.98549,
                -38.08233,
                1.95551
              ],
              "lerp_mode": "catmullrom"
            },
            "4.5": {
              "post": [
                21.85,
                -37.45817,
                1.91699
              ],
              "lerp_mode": "catmullrom"
            }
          },
          "position": {
            "0.0": [
              0,
              -10,
              -2
            ],
            "1.0": [
              1,
              -10,
              -2
            ],
            "3.0": [
              1,
              -10,
              -2
            ],
            "3.3333": [
              5,
              -7,
              -8
            ],
            "3.7083": [
              0,
              -7,
              -2
            ],
            "3.875": [
              0,
              -3.62,
              -6
            ],
            "4.25": [
              0,
              -9,
              -2
            ],
            "4.5": [
              0,
              -8,
              -2
            ]
          }
        },
        "left_leg": {
          "rotation": {
            "0.0": {
              "post": [
                85,
                0,
                0
              ],
              "lerp_mode": "catmullrom"
            },
            "0.5": {
              "post": [
                84.92327,
                -9.96156,
                0.88045
              ],
              "lerp_mode": "catmullrom"
            },
            "1.0": {
              "post": [
                84.48615,
                -24.89837,
                2.3273
              ],
              "lerp_mode": "catmullrom"
            },
            "2.5417": {
              "post": [
                87.9681,
                -26.50936,
                2.48335
              ],
              "lerp_mode": "catmullrom"
            },
            "2.8333": {
              "post": [
                83.62721,
                -26.74007,
                2.5057
              ],
              "lerp_mode": "catmullrom"
            },
            "3.25": {
              "post": [
                54.48615,
                -24.89837,
                2.3273
              ],
              "lerp_mode": "catmullrom"
            },
            "3.625": {
              "post": [
                24.48615,
                -24.89837,
                2.3273
              ],
              "lerp_mode": "catmullrom"
            },
            "4.0": {
              "post": [
                6.75744,
                -27.17714,
                -8.51383
              ],
              "lerp_mode": "catmullrom"
            },
            "4.25": {
              "post": [
                40.11882,
                -31.02244,
                -22.49797
              ],
              "lerp_mode": "catmullrom"
            },
            "4.5": {
              "post": [
                18.85019,
                -44.59231,
                -25.8398
              ],
              "lerp_mode": "catmullrom"
            }
          },
          "position": {
            "0.0": [
              0,
              -9,
              -3
            ],
            "1.0": [
              0,
              -9,
              1
            ],
            "3.25": [
              0,
              -9,
              1
            ],
            "3.625": [
              3,
              -5,
              -2
            ],
            "4.0": [
              1,
              -7,
              0
            ],
            "4.25": [
              1,
              -7,
              3
            ],
            "4.375": [
              1,
              -5,
              -1
            ],
            "4.5": [
              1,
              -8,
              0
            ]
          }
        },
        "body": {
          "rotation": {
            "0.0": {
              "post": [
                20,
                0,
                0
              ],
              "lerp_mode": "catmullrom"
            },
            "0.3333": {
              "post": [
                24.19119,
                -37.67083,
                -11.7657
              ],
              "lerp_mode": "catmullrom"
            },
            "0.7083": {
              "post": [
                24.19119,
                -37.67083,
                -11.7657
              ],
              "lerp_mode": "catmullrom"
            },
            "1.5": {
              "post": [
                63.30217,
                -39.91309,
                -10.34697
              ],
              "lerp_mode": "catmullrom"
            },
            "1.8333": {
              "post": [
                85.80217,
                -39.91309,
                -10.34697
              ],
              "lerp_mode": "catmullrom"
            },
            "2.5": {
              "post": [
                60.80217,
                -39.91309,
                -10.34697
              ],
              "lerp_mode": "catmullrom"
            },
            "2.9167": {
              "post": [
                50.80217,
                -39.91309,
                -10.34697
              ],
              "lerp_mode": "catmullrom"
            },
            "3.125": {
              "post": [
                34.97536,
                -53.72942,
                11.08381
              ],
              "lerp_mode": "catmullrom"
            },
            "3.375": {
              "post": [
                40.09267,
                -50.679,
                4.61271
              ],
              "lerp_mode": "catmullrom"
            },
            "3.5417": {
              "post": [
                50.80217,
                -39.91309,
                -10.34697
              ],
              "lerp_mode": "catmullrom"
            },
            "4.0": {
              "post": [
                3.30217,
                -39.91309,
                -10.34697
              ],
              "lerp_mode": "catmullrom"
            },
            "4.2917": {
              "post": [
                -10.0941,
                -39.91309,
                -10.34697
              ],
              "lerp_mode": "catmullrom"
            },
            "4.5": {
              "post": [
                35.80217,
                -39.91309,
                -10.34697
              ],
              "lerp_mode": "catmullrom"
            }
          },
          "position": [
            0,
            -7,
            0
          ]
        },
        "bone2": {
          "position": {
            "0.0": [
              0,
              0,
              0
            ],
            "3.375": [
              0,
              0,
              1
            ],
            "3.5417": [
              0,
              0,
              0
            ],
            "4.5": [
              0,
              0,
              -1
            ]
          },
          "scale": {
            "0.0": [
              1,
              1,
              0.2
            ],
            "3.375": [
              1,
              1,
              0.2
            ],
            "3.5417": [
              1,
              1,
              0.7
            ],
            "4.5": [
              1,
              1,
              0.7
            ]
          }
        },
        "head": {
          "rotation": {
            "0.0": {
              "post": [
                20,
                0,
                0
              ],
              "lerp_mode": "catmullrom"
            },
            "0.5": {
              "post": [
                10.80316,
                -16.07702,
                9.13116
              ],
              "lerp_mode": "catmullrom"
            },
            "1.5": {
              "post": [
                -43.66023,
                8.4875,
                19.75623
              ],
              "lerp_mode": "catmullrom"
            },
            "1.8333": {
              "post": [
                -8.66023,
                8.4875,
                19.75623
              ],
              "lerp_mode": "catmullrom"
            },
            "2.5": {
              "post": [
                -41.16023,
                8.4875,
                19.75623
              ],
              "lerp_mode": "catmullrom"
            },
            "2.9167": {
              "post": [
                -46.16023,
                8.4875,
                19.75623
              ],
              "lerp_mode": "catmullrom"
            },
            "3.125": {
              "post": [
                -44.12834,
                17.36746,
                28.79349
              ],
              "lerp_mode": "catmullrom"
            },
            "3.375": {
              "post": [
                -46.39034,
                6.68069,
                18.01306
              ],
              "lerp_mode": "catmullrom"
            },
            "3.5417": {
              "post": [
                -44.32153,
                -16.7548,
                -4.75666
              ],
              "lerp_mode": "catmullrom"
            },
            "4.0": {
              "post": [
                24.52228,
                1.39043,
                3.76875
              ],
              "lerp_mode": "catmullrom"
            },
            "4.25": {
              "post": [
                -6.25504,
                3.61622,
                3.96644
              ],
              "lerp_mode": "catmullrom"
            },
            "4.5": {
              "post": [
                9.52228,
                1.39043,
                3.76875
              ],
              "lerp_mode": "catmullrom"
            }
          }
        },
        "bone3": {
          "position": {
            "0.0": [
              0,
              0,
              5
            ],
            "3.3333": [
              0,
              0,
              5
            ],
            "3.5": [
              0,
              0,
              -1
            ]
          }
        },
        "left_arm": {
          "rotation": {
            "0.0": {
              "post": [
                -52.25386,
                -5.29571,
                -5.31847
              ],
              "lerp_mode": "catmullrom"
            },
            "0.5": {
              "post": [
                -37.7488,
                -2.72713,
                1.7459
              ],
              "lerp_mode": "catmullrom"
            },
            "0.7083": {
              "post": [
                -19.86383,
                -5.91384,
                -2.61778
              ],
              "lerp_mode": "catmullrom"
            },
            "1.5": {
              "post": [
                -26.82487,
                -21.63489,
                -25.45048
              ],
              "lerp_mode": "catmullrom"
            },
            "1.8333": {
              "post": [
                -25.80179,
                -16.56806,
                -13.34982
              ],
              "lerp_mode": "catmullrom"
            },
            "2.5": {
              "post": [
                -15.80179,
                -16.56806,
                -13.34982
              ],
              "lerp_mode": "catmullrom"
            },
            "2.9167": {
              "post": [
                -28.30179,
                -16.56806,
                -13.34982
              ],
              "lerp_mode": "catmullrom"
            },
            "3.125": {
              "post": [
                -3.86611,
                -13.29669,
                -11.697
              ],
              "lerp_mode": "catmullrom"
            },
            "3.375": {
              "post": [
                -18.86611,
                -13.29669,
                -11.697
              ],
              "lerp_mode": "catmullrom"
            },
            "4.0": {
              "post": [
                -5.13662,
                -8.47511,
                -7.57966
              ],
              "lerp_mode": "catmullrom"
            },
            "4.2083": {
              "post": [
                12.3905,
                -8.1333,
                -7.28778
              ],
              "lerp_mode": "catmullrom"
            },
            "4.5": {
              "post": [
                -20.13662,
                -8.47511,
                -7.57966
              ],
              "lerp_mode": "catmullrom"
            }
          }
        },
        "right_arm": {
          "rotation": {
            "0.0": [
              -39.50992,
              11.53486,
              4.8493
            ],
            "0.5": [
              -36.79011,
              19.27755,
              15.03885
            ],
            "0.7083": [
              -31.25668,
              18.75815,
              15.07953
            ],
            "1.5": [
              -94.22965,
              16.78445,
              15.23413
            ],
            "1.8333": [
              -96.92132,
              54.12895,
              10.8396
            ],
            "2.5": [
              -79.5356,
              26.75539,
              14.41231
            ],
            "2.9167": [
              -64.5356,
              26.75539,
              14.41231
            ],
            "3.125": [
              -46.78812,
              13.0726,
              7.85253
            ],
            "3.375": [
              -47.91148,
              5.70864,
              0.9899
            ],
            "4.0": [
              -8.23209,
              8.56544,
              18.3929
            ],
            "4.25": [
              -1.98209,
              8.56544,
              18.3929
            ],
            "4.5": [
              -13.23209,
              8.56544,
              18.3929
            ]
          }
        },
        "bone4": {
          "rotation": {
            "0.0": [
              0,
              0,
              0
            ],
            "3.125": [
              -25,
              0,
              0
            ],
            "3.25": [
              -25.86064,
              -25.04064,
              -38.88331
            ],
            "3.375": [
              -1.13814,
              -37.46397,
              -86.03976
            ],
            "3.5417": [
              37.16435,
              -13.20466,
              -147.89844
            ],
            "3.625": [
              42.43264,
              12.72776,
              -177.56172
            ],
            "3.7083": [
              26.70242,
              30.19506,
              -212.64271
            ],
            "3.7917": [
              5.11503,
              26.37144,
              -244.32086
            ],
            "3.875": [
              -3.55883,
              7.31414,
              -280.57188
            ],
            "4.0": [
              17.49524,
              -9.84655,
              -331.51876
            ],
            "4.5": [
              -0.61634,
              8.8497,
              -458.09585
            ]
          },
          "position": {
            "0.0": [
              0,
              0,
              22
            ],
            "2.9167": {
              "pre": [
                0,
                6,
                22
              ],
              "post": [
                0,
                6,
                22
              ],
              "lerp_mode": "catmullrom"
            },
            "3.125": {
              "post": [
                3,
                18,
                4
              ],
              "lerp_mode": "catmullrom"
            },
            "3.25": {
              "post": [
                2,
                27,
                1
              ],
              "lerp_mode": "catmullrom"
            },
            "3.5417": {
              "post": [
                0.2,
                23.87,
                6.68
              ],
              "lerp_mode": "catmullrom"
            },
            "3.7083": {
              "post": [
                2.36,
                16.74,
                9.69
              ],
              "lerp_mode": "catmullrom"
            },
            "4.0": {
              "post": [
                2.36,
                0.74,
                2.69
              ],
              "lerp_mode": "catmullrom"
            },
            "4.125": {
              "post": [
                2.44,
                3.54,
                1.46
              ],
              "lerp_mode": "catmullrom"
            },
            "4.25": {
              "post": [
                0.51,
                8.1,
                1.05
              ],
              "lerp_mode": "catmullrom"
            },
            "4.375": {
              "post": [
                0.47,
                6.24,
                0.56
              ],
              "lerp_mode": "catmullrom"
            },
            "4.5": {
              "post": [
                -0.64,
                3.74,
                2.69
              ],
              "lerp_mode": "catmullrom"
            }
          },
          "scale": {
            "2.9167": {
              "pre": [
                0,
                1,
                0
              ],
              "post": [
                0,
                1,
                0
              ],
              "lerp_mode": "catmullrom"
            },
            "3.125": {
              "post": [
                1,
                1,
                1
              ],
              "lerp_mode": "catmullrom"
            },
            "3.25": {
              "post": [
                1,
                1,
                1.4
              ],
              "lerp_mode": "catmullrom"
            },
            "3.7083": {
              "post": [
                1,
                1,
                0.9
              ],
              "lerp_mode": "catmullrom"
            },
            "4.0": {
              "post": [
                1,
                1,
                0.9
              ],
              "lerp_mode": "catmullrom"
            },
            "4.5": {
              "post": [
                1,
                1,
                0.9
              ],
              "lerp_mode": "catmullrom"
            }
          }
        },
        "bone": {
          "rotation": {
            "0.0": [
              0,
              47.5,
              0
            ],
            "0.75": [
              0,
              60,
              0
            ],
            "4.0": [
              0,
              32.5,
              0
            ],
            "4.25": [
              -15,
              32.5,
              0
            ]
          },
          "position": {
            "0.0": [
              2,
              0,
              0
            ],
            "1.0": [
              -1,
              0,
              -2
            ],
            "2.8333": {
              "pre": [
                -1,
                0,
                -2
              ],
              "post": [
                -1,
                0,
                -2
              ],
              "lerp_mode": "catmullrom"
            },
            "3.2917": {
              "post": [
                -1,
                4,
                -2
              ],
              "lerp_mode": "catmullrom"
            },
            "4.0": {
              "post": [
                -1,
                7,
                -2
              ],
              "lerp_mode": "catmullrom"
            },
            "4.25": {
              "post": [
                -1,
                7.63,
                3.56
              ],
              "lerp_mode": "catmullrom"
            },
            "4.5": {
              "post": [
                -1,
                7,
                -1
              ],
              "lerp_mode": "catmullrom"
            }
          }
        }
      }
    },
    "animation.imitators_tornopen2.climb": {
      "loop": true,
      "animation_length": 0.5,
      "override_previous_animation": true,
      "bones": {
        "right_leg": {
          "rotation": {
            "0.0": {
              "post": [
                55,
                0,
                0
              ],
              "lerp_mode": "catmullrom"
            },
            "0.125": {
              "post": [
                71.25,
                0,
                0
              ],
              "lerp_mode": "catmullrom"
            },
            "0.25": {
              "post": [
                -17.5,
                0,
                0
              ],
              "lerp_mode": "catmullrom"
            },
            "0.375": {
              "post": [
                -20.31,
                0,
                0
              ],
              "lerp_mode": "catmullrom"
            },
            "0.5": {
              "post": [
                55,
                0,
                0
              ],
              "lerp_mode": "catmullrom"
            }
          },
          "position": {
            "0.0": {
              "post": [
                0,
                0,
                1
              ],
              "lerp_mode": "catmullrom"
            },
            "0.125": {
              "post": [
                0,
                0,
                -4
              ],
              "lerp_mode": "catmullrom"
            },
            "0.25": {
              "post": [
                0,
                0,
                -5
              ],
              "lerp_mode": "catmullrom"
            },
            "0.5": {
              "post": [
                0,
                0,
                1
              ],
              "lerp_mode": "catmullrom"
            }
          }
        },
        "left_leg": {
          "rotation": {
            "0.0": {
              "post": [
                -2.5,
                0,
                0
              ],
              "lerp_mode": "catmullrom"
            },
            "0.125": {
              "post": [
                0,
                0,
                0
              ],
              "lerp_mode": "catmullrom"
            },
            "0.25": {
              "post": [
                97.5,
                0,
                0
              ],
              "lerp_mode": "catmullrom"
            },
            "0.375": {
              "post": [
                65.94,
                0,
                0
              ],
              "lerp_mode": "catmullrom"
            },
            "0.5": {
              "post": [
                -2.5,
                0,
                0
              ],
              "lerp_mode": "catmullrom"
            }
          },
          "position": {
            "0.0": {
              "post": [
                0,
                0,
                -5
              ],
              "lerp_mode": "catmullrom"
            },
            "0.25": {
              "post": [
                0,
                0,
                1
              ],
              "lerp_mode": "catmullrom"
            },
            "0.375": {
              "post": [
                0,
                0,
                -6
              ],
              "lerp_mode": "catmullrom"
            },
            "0.5": {
              "post": [
                0,
                0,
                -5
              ],
              "lerp_mode": "catmullrom"
            }
          }
        },
        "body": {
          "rotation": {
            "0.0": {
              "post": [
                45,
                0,
                0
              ],
              "lerp_mode": "catmullrom"
            },
            "0.0417": {
              "post": [
                41.87196,
                1.50068,
                -1.99972
              ],
              "lerp_mode": "catmullrom"
            },
            "0.0833": {
              "post": [
                39.26116,
                -0.56334,
                0.94138
              ],
              "lerp_mode": "catmullrom"
            },
            "0.125": {
              "post": [
                41.25,
                0,
                0
              ],
              "lerp_mode": "catmullrom"
            },
            "0.1667": {
              "post": [
                40.07578,
                1.29522,
                -2.23297
              ],
              "lerp_mode": "catmullrom"
            },
            "0.2083": {
              "post": [
                28.99001,
                -1.69732,
                3.11652
              ],
              "lerp_mode": "catmullrom"
            },
            "0.25": {
              "post": [
                37.5,
                0,
                0
              ],
              "lerp_mode": "catmullrom"
            },
            "0.2917": {
              "post": [
                30.33644,
                -0.94456,
                2.02855
              ],
              "lerp_mode": "catmullrom"
            },
            "0.375": {
              "post": [
                27.5,
                0,
                0
              ],
              "lerp_mode": "catmullrom"
            },
            "0.5": {
              "post": [
                45,
                0,
                0
              ],
              "lerp_mode": "catmullrom"
            }
          },
          "position": {
            "0.0": {
              "post": [
                0,
                0,
                0
              ],
              "lerp_mode": "catmullrom"
            },
            "0.25": {
              "post": [
                0,
                -1,
                -2
              ],
              "lerp_mode": "catmullrom"
            },
            "0.5": {
              "post": [
                0,
                0,
                0
              ],
              "lerp_mode": "catmullrom"
            }
          }
        },
        "head": {
          "rotation": {
            "0.0": {
              "post": [
                -28.07555,
                -11.0311,
                -19.7339
              ],
              "lerp_mode": "catmullrom"
            },
            "0.125": {
              "post": [
                -26.56505,
                -14.47751,
                -26.56505
              ],
              "lerp_mode": "catmullrom"
            },
            "0.25": {
              "post": [
                -27.99633,
                -10.10513,
                -18.27283
              ],
              "lerp_mode": "catmullrom"
            },
            "0.375": {
              "post": [
                -27.54988,
                -12.5448,
                -22.6993
              ],
              "lerp_mode": "catmullrom"
            },
            "0.5": {
              "post": [
                -28.07555,
                -11.0311,
                -19.7339
              ],
              "lerp_mode": "catmullrom"
            }
          }
        },
        "left_arm": {
          "rotation": {
            "0.0": {
              "post": [
                -71.73137,
                -29.8742,
                -2.88066
              ],
              "lerp_mode": "catmullrom"
            },
            "0.125": {
              "post": [
                -60.19117,
                -19.81233,
                5.31105
              ],
              "lerp_mode": "catmullrom"
            },
            "0.25": {
              "post": [
                -5.38523,
                -29.79913,
                -20.18896
              ],
              "lerp_mode": "catmullrom"
            },
            "0.375": {
              "post": [
                -65.81551,
                -19.09875,
                -22.5169
              ],
              "lerp_mode": "catmullrom"
            },
            "0.5": {
              "post": [
                -71.73137,
                -29.8742,
                -2.88066
              ],
              "lerp_mode": "catmullrom"
            }
          },
          "scale": [
            1,
            1.4,
            1
          ]
        },
        "right_arm": {
          "rotation": {
            "0.0": {
              "post": [
                -21.47027,
                24.09293,
                -6.8817
              ],
              "lerp_mode": "catmullrom"
            },
            "0.125": {
              "post": [
                -81.28509,
                24.09293,
                -6.8817
              ],
              "lerp_mode": "catmullrom"
            },
            "0.25": {
              "post": [
                -76.0999,
                24.09293,
                -6.8817
              ],
              "lerp_mode": "catmullrom"
            },
            "0.375": {
              "post": [
                -29.72259,
                24.09293,
                -6.8817
              ],
              "lerp_mode": "catmullrom"
            },
            "0.5": {
              "post": [
                -21.47027,
                24.09293,
                -6.8817
              ],
              "lerp_mode": "catmullrom"
            }
          },
          "scale": [
            1,
            1.4,
            1
          ]
        },
        "bone4": {
          "rotation": {
            "0.0": {
              "post": [
                -32.5,
                0,
                0
              ],
              "lerp_mode": "catmullrom"
            },
            "0.0417": {
              "post": [
                -31.8545,
                0.62532,
                -1.68238
              ],
              "lerp_mode": "catmullrom"
            },
            "0.0833": {
              "post": [
                -30.15749,
                18.37266,
                25.13684
              ],
              "lerp_mode": "catmullrom"
            },
            "0.125": {
              "post": [
                -13.22494,
                33.18728,
                65.7775
              ],
              "lerp_mode": "catmullrom"
            },
            "0.1667": {
              "post": [
                1.65616,
                33.48376,
                97.68084
              ],
              "lerp_mode": "catmullrom"
            },
            "0.2083": {
              "post": [
                19.22609,
                30.67757,
                134.89062
              ],
              "lerp_mode": "catmullrom"
            },
            "0.25": {
              "post": [
                29.30483,
                10.35079,
                174.66671
              ],
              "lerp_mode": "catmullrom"
            },
            "0.2917": {
              "post": [
                23.20062,
                -6.6161,
                221.16186
              ],
              "lerp_mode": "catmullrom"
            },
            "0.3333": {
              "post": [
                3.90289,
                -15.77024,
                270.10505
              ],
              "lerp_mode": "catmullrom"
            },
            "0.375": {
              "post": [
                -10.22079,
                -11.02368,
                315.29056
              ],
              "lerp_mode": "catmullrom"
            },
            "0.4167": {
              "post": [
                -18.74972,
                1.27509,
                362.04704
              ],
              "lerp_mode": "catmullrom"
            },
            "0.4583": {
              "post": [
                -17.99857,
                25.46424,
                411.21654
              ],
              "lerp_mode": "catmullrom"
            },
            "0.5": {
              "post": [
                -20.07273,
                26.11218,
                410.29958
              ],
              "lerp_mode": "catmullrom"
            }
          },
          "position": {
            "0.0": {
              "post": [
                0,
                33,
                -15
              ],
              "lerp_mode": "catmullrom"
            },
            "0.125": {
              "post": [
                -1,
                21,
                3
              ],
              "lerp_mode": "catmullrom"
            },
            "0.2083": {
              "post": [
                3.68,
                28.69,
                -12.7
              ],
              "lerp_mode": "catmullrom"
            },
            "0.25": {
              "post": [
                1.26,
                30.96,
                -19.44
              ],
              "lerp_mode": "catmullrom"
            },
            "0.2917": {
              "post": [
                5.57,
                27.42,
                -24.57
              ],
              "lerp_mode": "catmullrom"
            },
            "0.375": {
              "post": [
                -0.42,
                21.73,
                -21.62
              ],
              "lerp_mode": "catmullrom"
            },
            "0.5": {
              "post": [
                0,
                33,
                -15
              ],
              "lerp_mode": "catmullrom"
            }
          },
          "scale": {
            "0.0": {
              "post": [
                1,
                1,
                2.3
              ],
              "lerp_mode": "catmullrom"
            },
            "0.125": {
              "post": [
                1,
                1,
                1.1
              ],
              "lerp_mode": "catmullrom"
            },
            "0.25": {
              "post": [
                1,
                1,
                2.4333
              ],
              "lerp_mode": "catmullrom"
            },
            "0.375": {
              "post": [
                1.3,
                0.6,
                2.3667
              ],
              "lerp_mode": "catmullrom"
            },
            "0.5": {
              "post": [
                1,
                1,
                2.3
              ],
              "lerp_mode": "catmullrom"
            }
          }
        },
        "bone": {
          "rotation": [
            -92.5,
            0,
            0
          ],
          "position": [
            0,
            -28,
            2
          ]
        }
      }
    }
  }
}