{
  "format_version": "1.8.0",
  "animations": {
    "animation.imitators_facelesswanderer.run_1": {
      "loop": true,
      "animation_length": 0.5,
      "override_previous_animation": true,
      "bones": {
        "fullbody": {
          "position": [
            0,
            -8,
            49
          ],
          "scale": [
            2,
            2.0999999999999996,
            2.1999999999999997
          ]
        },
        "bone6": {
          "rotation": {
            "0.0": {
              "post": [
                27.5,
                0,
                0
              ],
              "lerp_mode": "catmullrom"
            },
            "0.125": {
              "post": [
                -87.5,
                0,
                0
              ],
              "lerp_mode": "catmullrom"
            },
            "0.25": {
              "post": [
                -42.5,
                0,
                0
              ],
              "lerp_mode": "catmullrom"
            },
            "0.375": {
              "post": [
                0,
                0,
                0
              ],
              "lerp_mode": "catmullrom"
            },
            "0.5": {
              "post": [
                27.5,
                0,
                0
              ],
              "lerp_mode": "catmullrom"
            }
          }
        },
        "bone14": {
          "rotation": {
            "0.0": {
              "post": [
                75,
                0,
                0
              ],
              "lerp_mode": "catmullrom"
            },
            "0.125": {
              "post": [
                125,
                0,
                0
              ],
              "lerp_mode": "catmullrom"
            },
            "0.25": {
              "post": [
                40,
                0,
                0
              ],
              "lerp_mode": "catmullrom"
            },
            "0.375": {
              "post": [
                42.5,
                0,
                0
              ],
              "lerp_mode": "catmullrom"
            },
            "0.5": {
              "post": [
                75,
                0,
                0
              ],
              "lerp_mode": "catmullrom"
            }
          }
        },
        "bone7": {
          "rotation": {
            "0.0": {
              "post": [
                -50,
                0,
                0
              ],
              "lerp_mode": "catmullrom"
            },
            "0.125": {
              "post": [
                -5,
                0,
                0
              ],
              "lerp_mode": "catmullrom"
            },
            "0.25": {
              "post": [
                30.83,
                0,
                0
              ],
              "lerp_mode": "catmullrom"
            },
            "0.375": {
              "post": [
                -90.16,
                0,
                0
              ],
              "lerp_mode": "catmullrom"
            },
            "0.5": {
              "post": [
                -50,
                0,
                0
              ],
              "lerp_mode": "catmullrom"
            }
          }
        },
        "bone15": {
          "rotation": {
            "0.0": {
              "post": [
                52.5,
                0,
                0
              ],
              "lerp_mode": "catmullrom"
            },
            "0.125": {
              "post": [
                42.5,
                0,
                0
              ],
              "lerp_mode": "catmullrom"
            },
            "0.25": {
              "post": [
                98.52,
                0,
                0
              ],
              "lerp_mode": "catmullrom"
            },
            "0.375": {
              "post": [
                116.2,
                0,
                0
              ],
              "lerp_mode": "catmullrom"
            },
            "0.5": {
              "post": [
                52.5,
                0,
                0
              ],
              "lerp_mode": "catmullrom"
            }
          }
        },
        "bone": {
          "rotation": {
            "0.0": {
              "post": [
                65,
                0,
                0
              ],
              "lerp_mode": "catmullrom"
            },
            "0.125": {
              "post": [
                60,
                0,
                0
              ],
              "lerp_mode": "catmullrom"
            },
            "0.25": {
              "post": [
                75,
                0,
                0
              ],
              "lerp_mode": "catmullrom"
            },
            "0.375": {
              "post": [
                58.75,
                0,
                0
              ],
              "lerp_mode": "catmullrom"
            },
            "0.5": {
              "post": [
                65,
                0,
                0
              ],
              "lerp_mode": "catmullrom"
            }
          }
        },
        "bone2": {
          "rotation": {
            "0.0": {
              "post": [
                22.5,
                0,
                0
              ],
              "lerp_mode": "catmullrom"
            },
            "0.125": {
              "post": [
                40,
                0,
                0
              ],
              "lerp_mode": "catmullrom"
            },
            "0.25": {
              "post": [
                28.89,
                0,
                0
              ],
              "lerp_mode": "catmullrom"
            },
            "0.375": {
              "post": [
                56.09,
                0,
                0
              ],
              "lerp_mode": "catmullrom"
            },
            "0.5": {
              "post": [
                22.5,
                0,
                0
              ],
              "lerp_mode": "catmullrom"
            }
          }
        },
        "bone3": {
          "rotation": {
            "0.0": {
              "post": [
                10,
                0,
                0
              ],
              "lerp_mode": "catmullrom"
            },
            "0.125": {
              "post": [
                -30,
                0,
                0
              ],
              "lerp_mode": "catmullrom"
            },
            "0.25": {
              "post": [
                -17.87,
                0,
                0
              ],
              "lerp_mode": "catmullrom"
            },
            "0.375": {
              "post": [
                -35.83,
                0,
                0
              ],
              "lerp_mode": "catmullrom"
            },
            "0.5": {
              "post": [
                10,
                0,
                0
              ],
              "lerp_mode": "catmullrom"
            }
          }
        },
        "bone4": {
          "rotation": {
            "0.0": {
              "post": [
                -52.5,
                0,
                0
              ],
              "lerp_mode": "catmullrom"
            },
            "0.125": {
              "post": [
                -90,
                0,
                0
              ],
              "lerp_mode": "catmullrom"
            },
            "0.25": {
              "post": [
                -47.78,
                0,
                0
              ],
              "lerp_mode": "catmullrom"
            },
            "0.375": {
              "post": [
                -90.15893,
                2.49999,
                -0.00704
              ],
              "lerp_mode": "catmullrom"
            },
            "0.5": {
              "post": [
                -52.5,
                0,
                0
              ],
              "lerp_mode": "catmullrom"
            }
          }
        },
        "bone5": {
          "rotation": {
            "0.0": {
              "post": [
                27.5,
                0,
                0
              ],
              "lerp_mode": "catmullrom"
            },
            "0.25": {
              "post": [
                -4.63,
                0,
                0
              ],
              "lerp_mode": "catmullrom"
            },
            "0.5": {
              "post": [
                27.5,
                0,
                0
              ],
              "lerp_mode": "catmullrom"
            }
          },
          "position": {
            "0.0": [
              0,
              3,
              0
            ],
            "0.25": [
              0,
              1,
              0
            ],
            "0.5": [
              0,
              3,
              0
            ]
          }
        },
        "bone8": {
          "rotation": {
            "0.0": {
              "post": [
                0,
                10,
                -50
              ],
              "lerp_mode": "catmullrom"
            },
            "0.25": {
              "post": [
                -33.78773,
                24.39423,
                -157.78715
              ],
              "lerp_mode": "catmullrom"
            },
            "0.5": {
              "post": [
                0,
                10,
                -50
              ],
              "lerp_mode": "catmullrom"
            }
          }
        },
        "bone10": {
          "rotation": {
            "0.0": {
              "post": [
                -30,
                0,
                30
              ],
              "lerp_mode": "catmullrom"
            },
            "0.125": {
              "post": [
                -28.79628,
                -16.78137,
                34.75414
              ],
              "lerp_mode": "catmullrom"
            },
            "0.25": {
              "post": [
                -26.68176,
                16.32873,
                -38.85557
              ],
              "lerp_mode": "catmullrom"
            },
            "0.375": {
              "post": [
                -44.08185,
                -10.92764,
                -29.04995
              ],
              "lerp_mode": "catmullrom"
            },
            "0.5": {
              "post": [
                -30,
                0,
                30
              ],
              "lerp_mode": "catmullrom"
            }
          }
        },
        "bone11": {
          "rotation": {
            "0.0": {
              "post": [
                129.32269,
                -42.14507,
                -95.67731
              ],
              "lerp_mode": "catmullrom"
            },
            "0.125": {
              "post": [
                94.99983,
                -35.72965,
                -59.13661
              ],
              "lerp_mode": "catmullrom"
            },
            "0.25": {
              "post": [
                97.36178,
                -38.24973,
                -125.54242
              ],
              "lerp_mode": "catmullrom"
            },
            "0.2917": {
              "post": [
                41.55199,
                -36.14282,
                -97.18106
              ],
              "lerp_mode": "catmullrom"
            },
            "0.3333": {
              "post": [
                19.80084,
                -49.61708,
                -74.26706
              ],
              "lerp_mode": "catmullrom"
            },
            "0.375": {
              "post": [
                33.18932,
                -61.0719,
                -71.35206
              ],
              "lerp_mode": "catmullrom"
            },
            "0.4167": {
              "post": [
                70.76851,
                -42.67058,
                -88.5942
              ],
              "lerp_mode": "catmullrom"
            },
            "0.4583": {
              "post": [
                103.54811,
                -36.80779,
                -93.93121
              ],
              "lerp_mode": "catmullrom"
            },
            "0.5": {
              "post": [
                129.32269,
                -42.14507,
                -95.67731
              ],
              "lerp_mode": "catmullrom"
            }
          }
        },
        "bone9": {
          "rotation": {
            "0.0": {
              "post": [
                -59.68727,
                51.24463,
                63.55058
              ],
              "lerp_mode": "catmullrom"
            },
            "0.125": {
              "post": [
                -41.92973,
                57.11313,
                55.0529
              ],
              "lerp_mode": "catmullrom"
            },
            "0.25": {
              "post": [
                -51.03912,
                52.03646,
                -7.90696
              ],
              "lerp_mode": "catmullrom"
            },
            "0.375": {
              "post": [
                -82.55345,
                64.46323,
                -5.29341
              ],
              "lerp_mode": "catmullrom"
            },
            "0.5": {
              "post": [
                -59.68727,
                51.24463,
                63.55058
              ],
              "lerp_mode": "catmullrom"
            }
          }
        },
        "bone12": {
          "rotation": {
            "0.0": {
              "post": [
                -23.3189,
                -37.59233,
                -15.5364
              ],
              "lerp_mode": "catmullrom"
            },
            "0.125": {
              "post": [
                -21.39715,
                -37.39836,
                -18.37321
              ],
              "lerp_mode": "catmullrom"
            },
            "0.25": {
              "post": [
                49.1811,
                -37.59233,
                -15.5364
              ],
              "lerp_mode": "catmullrom"
            },
            "0.375": {
              "post": [
                -3.11464,
                -39.33807,
                9.99487
              ],
              "lerp_mode": "catmullrom"
            },
            "0.5": {
              "post": [
                -23.3189,
                -37.59233,
                -15.5364
              ],
              "lerp_mode": "catmullrom"
            }
          }
        },
        "bone13": {
          "rotation": {
            "0.0": {
              "post": [
                -48.91659,
                12.78952,
                42.48275
              ],
              "lerp_mode": "catmullrom"
            },
            "0.125": {
              "post": [
                -45.86469,
                16.08217,
                36.31956
              ],
              "lerp_mode": "catmullrom"
            },
            "0.1667": {
              "post": [
                -9.19158,
                30.16551,
                50.9801
              ],
              "lerp_mode": "catmullrom"
            },
            "0.2083": {
              "post": [
                28.2949,
                52.96195,
                39.52292
              ],
              "lerp_mode": "catmullrom"
            },
            "0.25": {
              "post": [
                43.36901,
                70.41503,
                11.54015
              ],
              "lerp_mode": "catmullrom"
            },
            "0.3333": {
              "post": [
                23.75219,
                21.19643,
                28.04963
              ],
              "lerp_mode": "catmullrom"
            },
            "0.375": {
              "post": [
                0.60887,
                7.65364,
                17.30812
              ],
              "lerp_mode": "catmullrom"
            },
            "0.5": {
              "post": [
                -48.91659,
                12.78952,
                42.48275
              ],
              "lerp_mode": "catmullrom"
            }
          }
        }
      }
    },
    "animation.imitators_facelesswanderer.climb_2": {
      "loop": true,
      "animation_length": 0.5,
      "override_previous_animation": true,
      "bones": {
        "fullbody": {
          "position": [
            0,
            -55,
            -5
          ],
          "scale": [
            2,
            2.0999999999999996,
            2.1999999999999997
          ]
        },
        "bone6": {
          "rotation": {
            "0.0": [
              0,
              0,
              -12.5
            ],
            "0.125": [
              0,
              0,
              -1.25
            ],
            "0.25": [
              0,
              0,
              -80
            ],
            "0.375": [
              0,
              0,
              -106.25
            ],
            "0.5": [
              0,
              0,
              -12.5
            ]
          }
        },
        "bone14": {
          "rotation": {
            "0.0": [
              0,
              0,
              20
            ],
            "0.125": [
              0,
              0,
              12.5
            ],
            "0.25": [
              0,
              0,
              105
            ],
            "0.375": [
              0,
              0,
              115
            ],
            "0.5": [
              0,
              0,
              20
            ]
          }
        },
        "bone7": {
          "rotation": {
            "0.0": [
              0,
              0,
              102.5
            ],
            "0.125": [
              0,
              0,
              126.25
            ],
            "0.25": [
              0,
              0,
              0
            ],
            "0.375": [
              0,
              0,
              6.25
            ],
            "0.5": [
              0,
              0,
              102.5
            ]
          }
        },
        "bone15": {
          "rotation": {
            "0.0": [
              0,
              0,
              -107.5
            ],
            "0.125": [
              0,
              0,
              -117.5
            ],
            "0.25": [
              0,
              0,
              -2.5
            ],
            "0.375": [
              0,
              0,
              -10
            ],
            "0.5": [
              0,
              0,
              -107.5
            ]
          }
        },
        "bone2": {
          "rotation": {
            "0.0": {
              "post": [
                -55,
                0,
                0
              ],
              "lerp_mode": "catmullrom"
            },
            "0.25": {
              "post": [
                -65,
                0,
                0
              ],
              "lerp_mode": "catmullrom"
            },
            "0.5": {
              "post": [
                -55,
                0,
                0
              ],
              "lerp_mode": "catmullrom"
            }
          }
        },
        "bone3": {
          "rotation": {
            "0.0": {
              "post": [
                67.5,
                0,
                0
              ],
              "lerp_mode": "catmullrom"
            },
            "0.125": {
              "post": [
                59.03134,
                -9.63408,
                25.88139
              ],
              "lerp_mode": "catmullrom"
            },
            "0.25": {
              "post": [
                67.5,
                0,
                0
              ],
              "lerp_mode": "catmullrom"
            },
            "0.375": {
              "post": [
                70.27471,
                7.49052,
                -19.62296
              ],
              "lerp_mode": "catmullrom"
            },
            "0.5": {
              "post": [
                67.5,
                0,
                0
              ],
              "lerp_mode": "catmullrom"
            }
          }
        },
        "bone4": {
          "rotation": [
            -107.5,
            0,
            0
          ]
        },
        "bone5": {
          "rotation": {
            "0.0": {
              "post": [
                -10,
                0,
                0
              ],
              "lerp_mode": "catmullrom"
            },
            "0.25": {
              "post": [
                25,
                0,
                0
              ],
              "lerp_mode": "catmullrom"
            },
            "0.5": {
              "post": [
                -10,
                0,
                0
              ],
              "lerp_mode": "catmullrom"
            }
          },
          "position": {
            "0.0": [
              0,
              0,
              0
            ],
            "0.25": [
              0,
              3,
              0
            ],
            "0.5": [
              0,
              0,
              0
            ]
          }
        },
        "bone8": {
          "rotation": {
            "0.0": {
              "post": [
                0,
                0,
                -10
              ],
              "lerp_mode": "catmullrom"
            },
            "0.125": {
              "post": [
                0,
                0,
                -30
              ],
              "lerp_mode": "catmullrom"
            },
            "0.25": {
              "post": [
                0,
                0,
                -140
              ],
              "lerp_mode": "catmullrom"
            },
            "0.375": {
              "post": [
                0,
                0,
                -153.12
              ],
              "lerp_mode": "catmullrom"
            },
            "0.5": {
              "post": [
                0,
                0,
                -10
              ],
              "lerp_mode": "catmullrom"
            }
          }
        },
        "bone10": {
          "rotation": {
            "0.0": {
              "post": [
                0,
                0,
                -115
              ],
              "lerp_mode": "catmullrom"
            },
            "0.125": {
              "post": [
                0,
                0,
                -48.75
              ],
              "lerp_mode": "catmullrom"
            },
            "0.25": {
              "post": [
                0,
                0,
                -32.5
              ],
              "lerp_mode": "catmullrom"
            },
            "0.375": {
              "post": [
                0,
                0,
                -26.87
              ],
              "lerp_mode": "catmullrom"
            },
            "0.5": {
              "post": [
                0,
                0,
                -115
              ],
              "lerp_mode": "catmullrom"
            }
          }
        },
        "bone11": {
          "rotation": {
            "0.0": {
              "post": [
                -145,
                -85,
                -277.5
              ],
              "lerp_mode": "catmullrom"
            },
            "0.125": {
              "post": [
                -158.75,
                -85,
                -277.5
              ],
              "lerp_mode": "catmullrom"
            },
            "0.25": {
              "post": [
                -97.5,
                -85,
                -277.5
              ],
              "lerp_mode": "catmullrom"
            },
            "0.375": {
              "post": [
                -91.5625,
                -85,
                -277.5
              ],
              "lerp_mode": "catmullrom"
            },
            "0.5": {
              "post": [
                -145,
                -85,
                -277.5
              ],
              "lerp_mode": "catmullrom"
            }
          }
        },
        "bone9": {
          "rotation": {
            "0.0": {
              "post": [
                0,
                0,
                112.5
              ],
              "lerp_mode": "catmullrom"
            },
            "0.125": {
              "post": [
                0,
                0,
                136.25
              ],
              "lerp_mode": "catmullrom"
            },
            "0.25": {
              "post": [
                0,
                0,
                5
              ],
              "lerp_mode": "catmullrom"
            },
            "0.375": {
              "post": [
                0,
                0,
                6.56
              ],
              "lerp_mode": "catmullrom"
            },
            "0.5": {
              "post": [
                0,
                0,
                112.5
              ],
              "lerp_mode": "catmullrom"
            }
          }
        },
        "bone12": {
          "rotation": {
            "0.0": {
              "post": [
                0,
                0,
                67.5
              ],
              "lerp_mode": "catmullrom"
            },
            "0.125": {
              "post": [
                0,
                0,
                46.25
              ],
              "lerp_mode": "catmullrom"
            },
            "0.25": {
              "post": [
                0,
                0,
                120
              ],
              "lerp_mode": "catmullrom"
            },
            "0.375": {
              "post": [
                0,
                0,
                69.69
              ],
              "lerp_mode": "catmullrom"
            },
            "0.5": {
              "post": [
                0,
                0,
                67.5
              ],
              "lerp_mode": "catmullrom"
            }
          }
        },
        "bone13": {
          "rotation": {
            "0.0": {
              "post": [
                0,
                90,
                12.5
              ],
              "lerp_mode": "catmullrom"
            },
            "0.125": {
              "post": [
                0,
                90,
                6.25
              ],
              "lerp_mode": "catmullrom"
            },
            "0.25": {
              "post": [
                0,
                90,
                60
              ],
              "lerp_mode": "catmullrom"
            },
            "0.375": {
              "post": [
                0,
                90,
                100
              ],
              "lerp_mode": "catmullrom"
            },
            "0.5": {
              "post": [
                0,
                90,
                12.5
              ],
              "lerp_mode": "catmullrom"
            }
          }
        }
      }
    },
    "animation.imitators_facelesswanderer.idle_3": {
      "loop": true,
      "animation_length": 1.75,
      "override_previous_animation": true,
      "bones": {
        "bone6": {
          "rotation": [
            -37.5,
            0,
            0
          ]
        },
        "bone14": {
          "rotation": [
            37.5,
            0,
            0
          ]
        },
        "bone7": {
          "rotation": [
            -7.5,
            0,
            0
          ]
        },
        "bone15": {
          "rotation": [
            52.5,
            0,
            0
          ]
        },
        "bone": {
          "rotation": {
            "0.0": {
              "post": [
                75,
                0,
                0
              ],
              "lerp_mode": "catmullrom"
            },
            "0.75": {
              "post": [
                67.5,
                0,
                0
              ],
              "lerp_mode": "catmullrom"
            },
            "1.75": {
              "post": [
                75,
                0,
                0
              ],
              "lerp_mode": "catmullrom"
            }
          }
        },
        "bone2": {
          "rotation": {
            "0.0": {
              "post": [
                2.5,
                0,
                0
              ],
              "lerp_mode": "catmullrom"
            },
            "0.5": {
              "post": [
                2.34941,
                0.85481,
                -19.98247
              ],
              "lerp_mode": "catmullrom"
            },
            "1.0": {
              "post": [
                2.46389,
                -0.08654,
                2.03788
              ],
              "lerp_mode": "catmullrom"
            },
            "1.75": {
              "post": [
                2.5,
                0,
                0
              ],
              "lerp_mode": "catmullrom"
            }
          }
        },
        "bone3": {
          "rotation": {
            "0.0": {
              "post": [
                52.5,
                0,
                0
              ],
              "lerp_mode": "catmullrom"
            },
            "0.5": {
              "post": [
                51.18107,
                13.80192,
                -10.86531
              ],
              "lerp_mode": "catmullrom"
            },
            "1.0": {
              "post": [
                49.1626,
                -20.37972,
                16.72373
              ],
              "lerp_mode": "catmullrom"
            },
            "1.75": {
              "post": [
                52.5,
                0,
                0
              ],
              "lerp_mode": "catmullrom"
            }
          }
        },
        "bone4": {
          "rotation": {
            "0.0": {
              "post": [
                -122.5,
                0,
                0
              ],
              "lerp_mode": "catmullrom"
            },
            "0.25": {
              "post": [
                -135.74938,
                -41.52846,
                10.67932
              ],
              "lerp_mode": "catmullrom"
            },
            "0.5": {
              "post": [
                -120.48005,
                -11.86554,
                -19.25656
              ],
              "lerp_mode": "catmullrom"
            },
            "0.75": {
              "post": [
                -120.78061,
                38.00752,
                2.85658
              ],
              "lerp_mode": "catmullrom"
            },
            "1.0": {
              "post": [
                -109.56346,
                25.88239,
                50.83539
              ],
              "lerp_mode": "catmullrom"
            },
            "1.25": {
              "post": [
                -112.15245,
                -13.58554,
                52.88454
              ],
              "lerp_mode": "catmullrom"
            },
            "1.75": {
              "post": [
                -122.5,
                0,
                0
              ],
              "lerp_mode": "catmullrom"
            }
          }
        },
        "bone5": {
          "rotation": {
            "0.0": {
              "post": [
                7.5,
                0,
                0
              ],
              "lerp_mode": "catmullrom"
            },
            "0.5": {
              "post": [
                -2.5,
                0,
                0
              ],
              "lerp_mode": "catmullrom"
            },
            "0.8333": {
              "post": [
                48.4967,
                26.9524,
                27.12364
              ],
              "lerp_mode": "catmullrom"
            },
            "1.25": {
              "post": [
                50.24,
                0,
                0
              ],
              "lerp_mode": "catmullrom"
            },
            "1.5": {
              "post": [
                31.95269,
                -21.08442,
                -13.3849
              ],
              "lerp_mode": "catmullrom"
            },
            "1.75": {
              "post": [
                7.5,
                0,
                0
              ],
              "lerp_mode": "catmullrom"
            }
          },
          "position": {
            "0.0": [
              0,
              1,
              0
            ],
            "0.5": [
              0,
              2,
              0
            ],
            "1.25": [
              0,
              -0.8,
              0
            ],
            "1.75": [
              0,
              1,
              0
            ]
          }
        },
        "bone8": {
          "rotation": {
            "0.0": {
              "post": [
                -15,
                20,
                -87.5
              ],
              "lerp_mode": "catmullrom"
            },
            "1.0": {
              "post": [
                -9.16253,
                23.16084,
                -71.72174
              ],
              "lerp_mode": "catmullrom"
            },
            "1.75": {
              "post": [
                -15,
                20,
                -87.5
              ],
              "lerp_mode": "catmullrom"
            }
          }
        },
        "bone10": {
          "rotation": {
            "0.0": {
              "post": [
                -62.5,
                0,
                0
              ],
              "lerp_mode": "catmullrom"
            },
            "1.0": {
              "post": [
                -63.79478,
                -8.63229,
                16.95954
              ],
              "lerp_mode": "catmullrom"
            },
            "1.75": {
              "post": [
                -62.52234,
                -1.15408,
                2.21783
              ],
              "lerp_mode": "catmullrom"
            }
          }
        },
        "bone11": {
          "rotation": {
            "0.0": {
              "post": [
                63.93967,
                -9.17944,
                -100.24222
              ],
              "lerp_mode": "catmullrom"
            },
            "0.2083": {
              "post": [
                75.05899,
                -2.5541,
                -102.21724
              ],
              "lerp_mode": "catmullrom"
            },
            "0.5833": {
              "post": [
                88.83419,
                -5.65695,
                -101.43708
              ],
              "lerp_mode": "catmullrom"
            },
            "1.0": {
              "post": [
                96.43967,
                -9.17944,
                -100.24222
              ],
              "lerp_mode": "catmullrom"
            },
            "1.4583": {
              "post": [
                109.14538,
                -1.68257,
                -100.0247
              ],
              "lerp_mode": "catmullrom"
            },
            "1.75": {
              "post": [
                63.93967,
                -9.17944,
                -100.24222
              ],
              "lerp_mode": "catmullrom"
            }
          }
        },
        "bone9": {
          "rotation": {
            "0.0": [
              -40.97865,
              61.01163,
              41.64637
            ],
            "1.0": [
              -48.47865,
              61.01163,
              41.64637
            ],
            "1.75": [
              -40.97865,
              61.01163,
              41.64637
            ]
          }
        },
        "bone12": {
          "rotation": {
            "0.0": [
              0,
              0,
              -40
            ],
            "1.0": [
              -17.5,
              0,
              -40
            ],
            "1.75": [
              0,
              0,
              -40
            ]
          }
        },
        "bone13": {
          "rotation": {
            "0.0": [
              17.43745,
              1.50179,
              62.73032
            ],
            "0.3333": [
              37.43745,
              1.50179,
              62.73032
            ],
            "1.0": [
              -20.06255,
              1.50179,
              62.73032
            ],
            "1.4167": [
              -29.22922,
              1.50179,
              62.73032
            ],
            "1.5833": [
              -5.17472,
              3.20298,
              80.16289
            ],
            "1.75": [
              17.43745,
              1.50179,
              62.73032
            ]
          }
        },
        "fullbody": {
          "rotation": [
            0,
            32.5,
            0
          ],
          "position": [
            2,
            0,
            0
          ],
          "scale": [
            2.1,
            1.9999999999999996,
            2.1999999999999997
          ]
        }
      }
    },
    "animation.imitators_facelesswanderer.spotted_4": {
      "loop": "hold_on_last_frame",
      "animation_length": 0.875,
      "override_previous_animation": true,
      "bones": {
        "fullbody": {
          "rotation": [
            0,
            42.5,
            0
          ],
          "position": [
            0,
            -2,
            0
          ],
          "scale": [
            2,
            2.0999999999999996,
            2.1999999999999997
          ]
        },
        "bone6": {
          "rotation": [
            -40,
            0,
            0
          ]
        },
        "bone14": {
          "rotation": [
            57.5,
            0,
            0
          ]
        },
        "bone7": {
          "rotation": [
            12.5,
            0,
            0
          ]
        },
        "bone15": {
          "rotation": [
            45,
            0,
            0
          ]
        },
        "bone": {
          "rotation": {
            "0.0": [
              52.5,
              0,
              0
            ],
            "0.25": [
              55.21825,
              -24.81288,
              -0.26643
            ]
          }
        },
        "bone2": {
          "rotation": {
            "0.0": [
              10,
              0,
              0
            ],
            "0.25": [
              -0.45411,
              -2.99318,
              17.25002
            ],
            "0.5": [
              -1.3718888502787194,
              6.886641577005102,
              9.615993549581617
            ]
          }
        },
        "bone3": {
          "rotation": {
            "0.0": [
              68.75735,
              5.99999,
              0.06646
            ],
            "0.25": [
              53.47281,
              -52.74272,
              32.91427
            ]
          }
        },
        "bone4": {
          "rotation": {
            "0.0": [
              -130,
              0,
              0
            ],
            "0.25": [
              -119.54836,
              -28.28858,
              -39.89531
            ],
            "0.5833": [
              -124.50269,
              -21.63471,
              -28.20867
            ],
            "0.875": [
              -128.24276,
              -31.7188,
              -19.92186
            ]
          },
          "position": {
            "0.0": [
              0,
              3,
              1
            ],
            "0.5833": [
              0,
              1,
              1
            ]
          }
        },
        "bone5": {
          "rotation": {
            "0.0": [
              5,
              0,
              0
            ],
            "0.25": [
              67.5,
              0,
              0
            ]
          },
          "position": [
            0,
            2,
            0
          ]
        },
        "bone8": {
          "rotation": {
            "0.0": [
              -61.03795,
              -44.72566,
              -49.46542
            ],
            "0.25": [
              -23.53795,
              -44.72566,
              -49.46542
            ]
          }
        },
        "bone10": {
          "rotation": [
            0,
            0,
            60
          ]
        },
        "bone11": {
          "rotation": [
            0.55404,
            12.48791,
            -89.93938
          ]
        },
        "bone9": {
          "rotation": {
            "0.0": [
              -24.02393,
              48.20277,
              59.12537
            ],
            "0.25": [
              -12.20838,
              49.13337,
              51.39667
            ]
          }
        },
        "bone12": {
          "rotation": [
            0,
            0,
            -60
          ]
        },
        "bone13": {
          "rotation": [
            0,
            0,
            82.5
          ]
        }
      }
    }
  }
}