{"format_version":"1.12.0","minecraft:geometry":[{"description":{"identifier":"geometry.augustolophus","texture_width":128,"texture_height":128,"visible_bounds_width":7,"visible_bounds_height":3.5,"visible_bounds_offset":[0,1.25,0]},"bones":[{"name":"Body","pivot":[0,18,0],"cubes":[{"origin":[-6,10,0],"size":[12,16,12],"uv":[0,0]}]},{"name":"Neck","parent":"Body","pivot":[0,17,-11],"cubes":[{"origin":[-2,16,-31],"size":[4,4,19],"pivot":[0,16,-12],"rotation":[-45,0,0],"uv":[32,9]}]},{"name":"Head","parent":"Neck","pivot":[0,31,-22],"cubes":[{"origin":[-3,28,-28],"size":[6,5,6],"uv":[59,0]},{"origin":[-2,29,-33],"size":[4,3,5],"uv":[36,0]},{"origin":[-2,29,-34],"size":[4,1,1],"uv":[0,0]},{"origin":[-0.5,32,-26],"size":[1,6,1],"pivot":[0,33,-26],"rotation":[12.5,0,0],"uv":[0,5]},{"origin":[-1,37.7,-27.5],"size":[2,1,2],"uv":[0,2]}]},{"name":"Jaw","parent":"Head","pivot":[0,29,-28],"cubes":[{"origin":[-2,28,-34],"size":[4,1,6],"uv":[32,32]}]},{"name":"Chest","parent":"Body","pivot":[0,17,-6],"cubes":[{"origin":[-5,10,-12],"size":[10,15,12],"uv":[0,28]}]},{"name":"Tail","parent":"Body","pivot":[0,20,12],"cubes":[{"origin":[-3,15,12],"size":[6,10,8],"uv":[44,32]}]},{"name":"bone","parent":"Tail","pivot":[0,20,20],"cubes":[{"origin":[-2,17,20],"size":[4,7,8],"uv":[36,50]}]},{"name":"bone2","parent":"bone","pivot":[0,20,28],"cubes":[{"origin":[-1,18,28],"size":[2,5,9],"uv":[0,55]}]},{"name":"bone3","parent":"bone2","pivot":[0,21,37],"cubes":[{"origin":[-0.5,20,37],"size":[1,2,11],"uv":[49,54]}]},{"name":"Rarm","parent":"Body","pivot":[-3,10,-8],"cubes":[{"origin":[-4.5,0,-9.5],"size":[3,10,3],"uv":[38,65]}]},{"name":"Larm","parent":"Body","pivot":[3,10,-8],"cubes":[{"origin":[1.5,0,-9.5],"size":[3,10,3],"uv":[62,50]}]},{"name":"Rleg","parent":"Body","pivot":[-4,10,7],"cubes":[{"origin":[-6,0,5],"size":[4,10,4],"uv":[22,61]}]},{"name":"Lleg","parent":"Body","pivot":[4,10,7],"cubes":[{"origin":[2,0,5],"size":[4,10,4],"uv":[59,11]}]}]}]}