{
  "format_version": "1.12.0",
  "minecraft:geometry": [
    {
      "description": {
        "identifier": "geometry.imitators_tornopen",
        "texture_width": 64,
        "texture_height": 64,
        "visible_bounds_width": 12,
        "visible_bounds_height": 6194,
        "visible_bounds_offset": [
          0,
          -3094,
          0
        ]
      },
      "bones": [
        {
          "name": "bone",
          "pivot": [
            -2,
            12,
            0
          ]
        },
        {
          "name": "right_leg",
          "parent": "bone",
          "pivot": [
            -2,
            12,
            0
          ],
          "cubes": [
            {
              "origin": [
                -4,
                0,
                -2
              ],
              "size": [
                4,
                12,
                4
              ],
              "uv": {
                "north": {
                  "uv": [
                    20,
                    36
                  ],
                  "uv_size": [
                    4,
                    12
                  ]
                },
                "east": {
                  "uv": [
                    16,
                    36
                  ],
                  "uv_size": [
                    4,
                    12
                  ]
                },
                "south": {
                  "uv": [
                    28,
                    36
                  ],
                  "uv_size": [
                    4,
                    12
                  ]
                },
                "west": {
                  "uv": [
                    24,
                    36
                  ],
                  "uv_size": [
                    4,
                    12
                  ]
                },
                "up": {
                  "uv": [
                    20,
                    32
                  ],
                  "uv_size": [
                    4,
                    4
                  ]
                },
                "down": {
                  "uv": [
                    24,
                    36
                  ],
                  "uv_size": [
                    4,
                    -4
                  ]
                }
              }
            }
          ]
        },
        {
          "name": "left_leg",
          "parent": "bone",
          "pivot": [
            2,
            12,
            0
          ],
          "cubes": [
            {
              "origin": [
                0,
                0,
                -2
              ],
              "size": [
                4,
                12,
                4
              ],
              "uv": {
                "north": {
                  "uv": [
                    36,
                    4
                  ],
                  "uv_size": [
                    4,
                    12
                  ]
                },
                "east": {
                  "uv": [
                    32,
                    4
                  ],
                  "uv_size": [
                    4,
                    12
                  ]
                },
                "south": {
                  "uv": [
                    44,
                    4
                  ],
                  "uv_size": [
                    4,
                    12
                  ]
                },
                "west": {
                  "uv": [
                    40,
                    4
                  ],
                  "uv_size": [
                    4,
                    12
                  ]
                },
                "up": {
                  "uv": [
                    36,
                    0
                  ],
                  "uv_size": [
                    4,
                    4
                  ]
                },
                "down": {
                  "uv": [
                    40,
                    4
                  ],
                  "uv_size": [
                    4,
                    -4
                  ]
                }
              }
            }
          ]
        },
        {
          "name": "body",
          "parent": "bone",
          "pivot": [
            0,
            12,
            0
          ],
          "cubes": [
            {
              "origin": [
                -4,
                12,
                -2
              ],
              "size": [
                8,
                12,
                4
              ],
              "uv": {
                "north": {
                  "uv": [
                    4,
                    20
                  ],
                  "uv_size": [
                    8,
                    12
                  ]
                },
                "east": {
                  "uv": [
                    0,
                    20
                  ],
                  "uv_size": [
                    4,
                    12
                  ]
                },
                "south": {
                  "uv": [
                    16,
                    20
                  ],
                  "uv_size": [
                    8,
                    12
                  ]
                },
                "west": {
                  "uv": [
                    12,
                    20
                  ],
                  "uv_size": [
                    4,
                    12
                  ]
                },
                "up": {
                  "uv": [
                    4,
                    16
                  ],
                  "uv_size": [
                    8,
                    4
                  ]
                },
                "down": {
                  "uv": [
                    12,
                    20
                  ],
                  "uv_size": [
                    8,
                    -4
                  ]
                }
              }
            }
          ]
        },
        {
          "name": "bone2",
          "parent": "body",
          "pivot": [
            -2,
            20,
            0
          ],
          "cubes": [
            {
              "origin": [
                -2,
                13,
                -6
              ],
              "size": [
                1,
                1,
                4
              ],
              "uv": {
                "north": {
                  "uv": [
                    53,
                    62
                  ],
                  "uv_size": [
                    1,
                    1
                  ]
                },
                "east": {
                  "uv": [
                    48,
                    62
                  ],
                  "uv_size": [
                    5,
                    1
                  ]
                },
                "south": {
                  "uv": [
                    59,
                    62
                  ],
                  "uv_size": [
                    1,
                    1
                  ]
                },
                "west": {
                  "uv": [
                    54,
                    62
                  ],
                  "uv_size": [
                    5,
                    1
                  ]
                },
                "up": {
                  "uv": [
                    53,
                    57
                  ],
                  "uv_size": [
                    1,
                    5
                  ]
                },
                "down": {
                  "uv": [
                    54,
                    62
                  ],
                  "uv_size": [
                    1,
                    -5
                  ]
                }
              }
            },
            {
              "origin": [
                -1.75,
                13.25,
                -8.25
              ],
              "size": [
                0.5,
                0.5,
                3
              ],
              "uv": {
                "north": {
                  "uv": [
                    53,
                    62
                  ],
                  "uv_size": [
                    1,
                    1
                  ]
                },
                "east": {
                  "uv": [
                    48,
                    62
                  ],
                  "uv_size": [
                    5,
                    1
                  ]
                },
                "south": {
                  "uv": [
                    59,
                    62
                  ],
                  "uv_size": [
                    1,
                    1
                  ]
                },
                "west": {
                  "uv": [
                    54,
                    62
                  ],
                  "uv_size": [
                    5,
                    1
                  ]
                },
                "up": {
                  "uv": [
                    53,
                    57
                  ],
                  "uv_size": [
                    1,
                    5
                  ]
                },
                "down": {
                  "uv": [
                    54,
                    62
                  ],
                  "uv_size": [
                    1,
                    -5
                  ]
                }
              }
            },
            {
              "origin": [
                0,
                12.5,
                -4
              ],
              "size": [
                1,
                1,
                4
              ],
              "uv": {
                "north": {
                  "uv": [
                    53,
                    62
                  ],
                  "uv_size": [
                    1,
                    1
                  ]
                },
                "east": {
                  "uv": [
                    48,
                    62
                  ],
                  "uv_size": [
                    5,
                    1
                  ]
                },
                "south": {
                  "uv": [
                    59,
                    62
                  ],
                  "uv_size": [
                    1,
                    1
                  ]
                },
                "west": {
                  "uv": [
                    54,
                    62
                  ],
                  "uv_size": [
                    5,
                    1
                  ]
                },
                "up": {
                  "uv": [
                    53,
                    57
                  ],
                  "uv_size": [
                    1,
                    5
                  ]
                },
                "down": {
                  "uv": [
                    54,
                    62
                  ],
                  "uv_size": [
                    1,
                    -5
                  ]
                }
              }
            },
            {
              "origin": [
                0.25,
                12.75,
                -6.25
              ],
              "size": [
                0.5,
                0.5,
                3
              ],
              "uv": {
                "north": {
                  "uv": [
                    53,
                    62
                  ],
                  "uv_size": [
                    1,
                    1
                  ]
                },
                "east": {
                  "uv": [
                    48,
                    62
                  ],
                  "uv_size": [
                    5,
                    1
                  ]
                },
                "south": {
                  "uv": [
                    59,
                    62
                  ],
                  "uv_size": [
                    1,
                    1
                  ]
                },
                "west": {
                  "uv": [
                    54,
                    62
                  ],
                  "uv_size": [
                    5,
                    1
                  ]
                },
                "up": {
                  "uv": [
                    53,
                    57
                  ],
                  "uv_size": [
                    1,
                    5
                  ]
                },
                "down": {
                  "uv": [
                    54,
                    62
                  ],
                  "uv_size": [
                    1,
                    -5
                  ]
                }
              }
            },
            {
              "origin": [
                2,
                14.5,
                -6
              ],
              "size": [
                1,
                1,
                4
              ],
              "uv": {
                "north": {
                  "uv": [
                    53,
                    62
                  ],
                  "uv_size": [
                    1,
                    1
                  ]
                },
                "east": {
                  "uv": [
                    48,
                    62
                  ],
                  "uv_size": [
                    5,
                    1
                  ]
                },
                "south": {
                  "uv": [
                    59,
                    62
                  ],
                  "uv_size": [
                    1,
                    1
                  ]
                },
                "west": {
                  "uv": [
                    54,
                    62
                  ],
                  "uv_size": [
                    5,
                    1
                  ]
                },
                "up": {
                  "uv": [
                    53,
                    57
                  ],
                  "uv_size": [
                    1,
                    5
                  ]
                },
                "down": {
                  "uv": [
                    54,
                    62
                  ],
                  "uv_size": [
                    1,
                    -5
                  ]
                }
              }
            },
            {
              "origin": [
                2.25,
                14.75,
                -8.25
              ],
              "size": [
                0.5,
                0.5,
                3
              ],
              "uv": {
                "north": {
                  "uv": [
                    53,
                    62
                  ],
                  "uv_size": [
                    1,
                    1
                  ]
                },
                "east": {
                  "uv": [
                    48,
                    62
                  ],
                  "uv_size": [
                    5,
                    1
                  ]
                },
                "south": {
                  "uv": [
                    59,
                    62
                  ],
                  "uv_size": [
                    1,
                    1
                  ]
                },
                "west": {
                  "uv": [
                    54,
                    62
                  ],
                  "uv_size": [
                    5,
                    1
                  ]
                },
                "up": {
                  "uv": [
                    53,
                    57
                  ],
                  "uv_size": [
                    1,
                    5
                  ]
                },
                "down": {
                  "uv": [
                    54,
                    62
                  ],
                  "uv_size": [
                    1,
                    -5
                  ]
                }
              }
            },
            {
              "origin": [
                2.75,
                17.5,
                -4
              ],
              "size": [
                1,
                1,
                4
              ],
              "uv": {
                "north": {
                  "uv": [
                    53,
                    62
                  ],
                  "uv_size": [
                    1,
                    1
                  ]
                },
                "east": {
                  "uv": [
                    48,
                    62
                  ],
                  "uv_size": [
                    5,
                    1
                  ]
                },
                "south": {
                  "uv": [
                    59,
                    62
                  ],
                  "uv_size": [
                    1,
                    1
                  ]
                },
                "west": {
                  "uv": [
                    54,
                    62
                  ],
                  "uv_size": [
                    5,
                    1
                  ]
                },
                "up": {
                  "uv": [
                    53,
                    57
                  ],
                  "uv_size": [
                    1,
                    5
                  ]
                },
                "down": {
                  "uv": [
                    54,
                    62
                  ],
                  "uv_size": [
                    1,
                    -5
                  ]
                }
              }
            },
            {
              "origin": [
                3,
                17.75,
                -6.25
              ],
              "size": [
                0.5,
                0.5,
                3
              ],
              "uv": {
                "north": {
                  "uv": [
                    53,
                    62
                  ],
                  "uv_size": [
                    1,
                    1
                  ]
                },
                "east": {
                  "uv": [
                    48,
                    62
                  ],
                  "uv_size": [
                    5,
                    1
                  ]
                },
                "south": {
                  "uv": [
                    59,
                    62
                  ],
                  "uv_size": [
                    1,
                    1
                  ]
                },
                "west": {
                  "uv": [
                    54,
                    62
                  ],
                  "uv_size": [
                    5,
                    1
                  ]
                },
                "up": {
                  "uv": [
                    53,
                    57
                  ],
                  "uv_size": [
                    1,
                    5
                  ]
                },
                "down": {
                  "uv": [
                    54,
                    62
                  ],
                  "uv_size": [
                    1,
                    -5
                  ]
                }
              }
            },
            {
              "origin": [
                1.5,
                20.5,
                -3
              ],
              "size": [
                1,
                1,
                4
              ],
              "uv": {
                "north": {
                  "uv": [
                    53,
                    62
                  ],
                  "uv_size": [
                    1,
                    1
                  ]
                },
                "east": {
                  "uv": [
                    48,
                    62
                  ],
                  "uv_size": [
                    5,
                    1
                  ]
                },
                "south": {
                  "uv": [
                    59,
                    62
                  ],
                  "uv_size": [
                    1,
                    1
                  ]
                },
                "west": {
                  "uv": [
                    54,
                    62
                  ],
                  "uv_size": [
                    5,
                    1
                  ]
                },
                "up": {
                  "uv": [
                    53,
                    57
                  ],
                  "uv_size": [
                    1,
                    5
                  ]
                },
                "down": {
                  "uv": [
                    54,
                    62
                  ],
                  "uv_size": [
                    1,
                    -5
                  ]
                }
              }
            },
            {
              "origin": [
                1.75,
                20.75,
                -5.25
              ],
              "size": [
                0.5,
                0.5,
                3
              ],
              "uv": {
                "north": {
                  "uv": [
                    53,
                    62
                  ],
                  "uv_size": [
                    1,
                    1
                  ]
                },
                "east": {
                  "uv": [
                    48,
                    62
                  ],
                  "uv_size": [
                    5,
                    1
                  ]
                },
                "south": {
                  "uv": [
                    59,
                    62
                  ],
                  "uv_size": [
                    1,
                    1
                  ]
                },
                "west": {
                  "uv": [
                    54,
                    62
                  ],
                  "uv_size": [
                    5,
                    1
                  ]
                },
                "up": {
                  "uv": [
                    53,
                    57
                  ],
                  "uv_size": [
                    1,
                    5
                  ]
                },
                "down": {
                  "uv": [
                    54,
                    62
                  ],
                  "uv_size": [
                    1,
                    -5
                  ]
                }
              }
            },
            {
              "origin": [
                1.5,
                22.5,
                -4
              ],
              "size": [
                1,
                1,
                4
              ],
              "uv": {
                "north": {
                  "uv": [
                    53,
                    62
                  ],
                  "uv_size": [
                    1,
                    1
                  ]
                },
                "east": {
                  "uv": [
                    48,
                    62
                  ],
                  "uv_size": [
                    5,
                    1
                  ]
                },
                "south": {
                  "uv": [
                    59,
                    62
                  ],
                  "uv_size": [
                    1,
                    1
                  ]
                },
                "west": {
                  "uv": [
                    54,
                    62
                  ],
                  "uv_size": [
                    5,
                    1
                  ]
                },
                "up": {
                  "uv": [
                    53,
                    57
                  ],
                  "uv_size": [
                    1,
                    5
                  ]
                },
                "down": {
                  "uv": [
                    54,
                    62
                  ],
                  "uv_size": [
                    1,
                    -5
                  ]
                }
              }
            },
            {
              "origin": [
                1.75,
                22.75,
                -6.25
              ],
              "size": [
                0.5,
                0.5,
                3
              ],
              "uv": {
                "north": {
                  "uv": [
                    53,
                    62
                  ],
                  "uv_size": [
                    1,
                    1
                  ]
                },
                "east": {
                  "uv": [
                    48,
                    62
                  ],
                  "uv_size": [
                    5,
                    1
                  ]
                },
                "south": {
                  "uv": [
                    59,
                    62
                  ],
                  "uv_size": [
                    1,
                    1
                  ]
                },
                "west": {
                  "uv": [
                    54,
                    62
                  ],
                  "uv_size": [
                    5,
                    1
                  ]
                },
                "up": {
                  "uv": [
                    53,
                    57
                  ],
                  "uv_size": [
                    1,
                    5
                  ]
                },
                "down": {
                  "uv": [
                    54,
                    62
                  ],
                  "uv_size": [
                    1,
                    -5
                  ]
                }
              }
            },
            {
              "origin": [
                -2.75,
                17.25,
                -6.25
              ],
              "size": [
                0.5,
                0.5,
                3
              ],
              "uv": {
                "north": {
                  "uv": [
                    53,
                    62
                  ],
                  "uv_size": [
                    1,
                    1
                  ]
                },
                "east": {
                  "uv": [
                    48,
                    62
                  ],
                  "uv_size": [
                    5,
                    1
                  ]
                },
                "south": {
                  "uv": [
                    59,
                    62
                  ],
                  "uv_size": [
                    1,
                    1
                  ]
                },
                "west": {
                  "uv": [
                    54,
                    62
                  ],
                  "uv_size": [
                    5,
                    1
                  ]
                },
                "up": {
                  "uv": [
                    53,
                    57
                  ],
                  "uv_size": [
                    1,
                    5
                  ]
                },
                "down": {
                  "uv": [
                    54,
                    62
                  ],
                  "uv_size": [
                    1,
                    -5
                  ]
                }
              }
            },
            {
              "origin": [
                -3,
                17,
                -4
              ],
              "size": [
                1,
                1,
                4
              ],
              "uv": {
                "north": {
                  "uv": [
                    53,
                    62
                  ],
                  "uv_size": [
                    1,
                    1
                  ]
                },
                "east": {
                  "uv": [
                    48,
                    62
                  ],
                  "uv_size": [
                    5,
                    1
                  ]
                },
                "south": {
                  "uv": [
                    59,
                    62
                  ],
                  "uv_size": [
                    1,
                    1
                  ]
                },
                "west": {
                  "uv": [
                    54,
                    62
                  ],
                  "uv_size": [
                    5,
                    1
                  ]
                },
                "up": {
                  "uv": [
                    53,
                    57
                  ],
                  "uv_size": [
                    1,
                    5
                  ]
                },
                "down": {
                  "uv": [
                    54,
                    62
                  ],
                  "uv_size": [
                    1,
                    -5
                  ]
                }
              }
            },
            {
              "origin": [
                -2.75,
                20.25,
                -7.25
              ],
              "size": [
                0.5,
                0.5,
                3
              ],
              "uv": {
                "north": {
                  "uv": [
                    53,
                    62
                  ],
                  "uv_size": [
                    1,
                    1
                  ]
                },
                "east": {
                  "uv": [
                    48,
                    62
                  ],
                  "uv_size": [
                    5,
                    1
                  ]
                },
                "south": {
                  "uv": [
                    59,
                    62
                  ],
                  "uv_size": [
                    1,
                    1
                  ]
                },
                "west": {
                  "uv": [
                    54,
                    62
                  ],
                  "uv_size": [
                    5,
                    1
                  ]
                },
                "up": {
                  "uv": [
                    53,
                    57
                  ],
                  "uv_size": [
                    1,
                    5
                  ]
                },
                "down": {
                  "uv": [
                    54,
                    62
                  ],
                  "uv_size": [
                    1,
                    -5
                  ]
                }
              }
            },
            {
              "origin": [
                -3,
                20,
                -5
              ],
              "size": [
                1,
                1,
                4
              ],
              "uv": {
                "north": {
                  "uv": [
                    53,
                    62
                  ],
                  "uv_size": [
                    1,
                    1
                  ]
                },
                "east": {
                  "uv": [
                    48,
                    62
                  ],
                  "uv_size": [
                    5,
                    1
                  ]
                },
                "south": {
                  "uv": [
                    59,
                    62
                  ],
                  "uv_size": [
                    1,
                    1
                  ]
                },
                "west": {
                  "uv": [
                    54,
                    62
                  ],
                  "uv_size": [
                    5,
                    1
                  ]
                },
                "up": {
                  "uv": [
                    53,
                    57
                  ],
                  "uv_size": [
                    1,
                    5
                  ]
                },
                "down": {
                  "uv": [
                    54,
                    62
                  ],
                  "uv_size": [
                    1,
                    -5
                  ]
                }
              }
            }
          ]
        },
        {
          "name": "head",
          "parent": "body",
          "pivot": [
            0,
            24,
            0
          ],
          "cubes": [
            {
              "origin": [
                -4,
                24,
                -4
              ],
              "size": [
                8,
                8,
                8
              ],
              "uv": {
                "north": {
                  "uv": [
                    8,
                    8
                  ],
                  "uv_size": [
                    8,
                    8
                  ]
                },
                "east": {
                  "uv": [
                    0,
                    8
                  ],
                  "uv_size": [
                    8,
                    8
                  ]
                },
                "south": {
                  "uv": [
                    24,
                    8
                  ],
                  "uv_size": [
                    8,
                    8
                  ]
                },
                "west": {
                  "uv": [
                    16,
                    8
                  ],
                  "uv_size": [
                    8,
                    8
                  ]
                },
                "up": {
                  "uv": [
                    8,
                    0
                  ],
                  "uv_size": [
                    8,
                    8
                  ]
                },
                "down": {
                  "uv": [
                    16,
                    8
                  ],
                  "uv_size": [
                    8,
                    -8
                  ]
                }
              }
            }
          ]
        },
        {
          "name": "bone3",
          "parent": "head",
          "pivot": [
            -2,
            25,
            0
          ],
          "cubes": [
            {
              "origin": [
                1.5,
                26.5,
                -6
              ],
              "size": [
                1,
                1,
                4
              ],
              "uv": {
                "north": {
                  "uv": [
                    53,
                    62
                  ],
                  "uv_size": [
                    1,
                    1
                  ]
                },
                "east": {
                  "uv": [
                    48,
                    62
                  ],
                  "uv_size": [
                    5,
                    1
                  ]
                },
                "south": {
                  "uv": [
                    59,
                    62
                  ],
                  "uv_size": [
                    1,
                    1
                  ]
                },
                "west": {
                  "uv": [
                    54,
                    62
                  ],
                  "uv_size": [
                    5,
                    1
                  ]
                },
                "up": {
                  "uv": [
                    53,
                    57
                  ],
                  "uv_size": [
                    1,
                    5
                  ]
                },
                "down": {
                  "uv": [
                    54,
                    62
                  ],
                  "uv_size": [
                    1,
                    -5
                  ]
                }
              }
            },
            {
              "origin": [
                1.75,
                26.75,
                -8.25
              ],
              "size": [
                0.5,
                0.5,
                3
              ],
              "uv": {
                "north": {
                  "uv": [
                    53,
                    62
                  ],
                  "uv_size": [
                    1,
                    1
                  ]
                },
                "east": {
                  "uv": [
                    48,
                    62
                  ],
                  "uv_size": [
                    5,
                    1
                  ]
                },
                "south": {
                  "uv": [
                    59,
                    62
                  ],
                  "uv_size": [
                    1,
                    1
                  ]
                },
                "west": {
                  "uv": [
                    54,
                    62
                  ],
                  "uv_size": [
                    5,
                    1
                  ]
                },
                "up": {
                  "uv": [
                    53,
                    57
                  ],
                  "uv_size": [
                    1,
                    5
                  ]
                },
                "down": {
                  "uv": [
                    54,
                    62
                  ],
                  "uv_size": [
                    1,
                    -5
                  ]
                }
              }
            },
            {
              "origin": [
                -2,
                27.5,
                -6.5
              ],
              "size": [
                1,
                1,
                4
              ],
              "uv": {
                "north": {
                  "uv": [
                    53,
                    62
                  ],
                  "uv_size": [
                    1,
                    1
                  ]
                },
                "east": {
                  "uv": [
                    48,
                    62
                  ],
                  "uv_size": [
                    5,
                    1
                  ]
                },
                "south": {
                  "uv": [
                    59,
                    62
                  ],
                  "uv_size": [
                    1,
                    1
                  ]
                },
                "west": {
                  "uv": [
                    54,
                    62
                  ],
                  "uv_size": [
                    5,
                    1
                  ]
                },
                "up": {
                  "uv": [
                    53,
                    57
                  ],
                  "uv_size": [
                    1,
                    5
                  ]
                },
                "down": {
                  "uv": [
                    54,
                    62
                  ],
                  "uv_size": [
                    1,
                    -5
                  ]
                }
              }
            },
            {
              "origin": [
                -1.75,
                27.75,
                -8.75
              ],
              "size": [
                0.5,
                0.5,
                3
              ],
              "uv": {
                "north": {
                  "uv": [
                    53,
                    62
                  ],
                  "uv_size": [
                    1,
                    1
                  ]
                },
                "east": {
                  "uv": [
                    48,
                    62
                  ],
                  "uv_size": [
                    5,
                    1
                  ]
                },
                "south": {
                  "uv": [
                    59,
                    62
                  ],
                  "uv_size": [
                    1,
                    1
                  ]
                },
                "west": {
                  "uv": [
                    54,
                    62
                  ],
                  "uv_size": [
                    5,
                    1
                  ]
                },
                "up": {
                  "uv": [
                    53,
                    57
                  ],
                  "uv_size": [
                    1,
                    5
                  ]
                },
                "down": {
                  "uv": [
                    54,
                    62
                  ],
                  "uv_size": [
                    1,
                    -5
                  ]
                }
              }
            },
            {
              "origin": [
                -2.75,
                25.25,
                -7.25
              ],
              "size": [
                0.5,
                0.5,
                3
              ],
              "uv": {
                "north": {
                  "uv": [
                    53,
                    62
                  ],
                  "uv_size": [
                    1,
                    1
                  ]
                },
                "east": {
                  "uv": [
                    48,
                    62
                  ],
                  "uv_size": [
                    5,
                    1
                  ]
                },
                "south": {
                  "uv": [
                    59,
                    62
                  ],
                  "uv_size": [
                    1,
                    1
                  ]
                },
                "west": {
                  "uv": [
                    54,
                    62
                  ],
                  "uv_size": [
                    5,
                    1
                  ]
                },
                "up": {
                  "uv": [
                    53,
                    57
                  ],
                  "uv_size": [
                    1,
                    5
                  ]
                },
                "down": {
                  "uv": [
                    54,
                    62
                  ],
                  "uv_size": [
                    1,
                    -5
                  ]
                }
              }
            },
            {
              "origin": [
                -3,
                25,
                -5
              ],
              "size": [
                1,
                1,
                4
              ],
              "uv": {
                "north": {
                  "uv": [
                    53,
                    62
                  ],
                  "uv_size": [
                    1,
                    1
                  ]
                },
                "east": {
                  "uv": [
                    48,
                    62
                  ],
                  "uv_size": [
                    5,
                    1
                  ]
                },
                "south": {
                  "uv": [
                    59,
                    62
                  ],
                  "uv_size": [
                    1,
                    1
                  ]
                },
                "west": {
                  "uv": [
                    54,
                    62
                  ],
                  "uv_size": [
                    5,
                    1
                  ]
                },
                "up": {
                  "uv": [
                    53,
                    57
                  ],
                  "uv_size": [
                    1,
                    5
                  ]
                },
                "down": {
                  "uv": [
                    54,
                    62
                  ],
                  "uv_size": [
                    1,
                    -5
                  ]
                }
              }
            }
          ]
        },
        {
          "name": "left_arm",
          "parent": "body",
          "pivot": [
            5,
            22,
            0
          ],
          "cubes": [
            {
              "origin": [
                4,
                6,
                -2
              ],
              "size": [
                4,
                18,
                4
              ],
              "uv": {
                "north": {
                  "uv": [
                    28,
                    20
                  ],
                  "uv_size": [
                    4,
                    12
                  ]
                },
                "east": {
                  "uv": [
                    24,
                    20
                  ],
                  "uv_size": [
                    4,
                    12
                  ]
                },
                "south": {
                  "uv": [
                    36,
                    20
                  ],
                  "uv_size": [
                    4,
                    12
                  ]
                },
                "west": {
                  "uv": [
                    32,
                    20
                  ],
                  "uv_size": [
                    4,
                    12
                  ]
                },
                "up": {
                  "uv": [
                    28,
                    16
                  ],
                  "uv_size": [
                    4,
                    4
                  ]
                },
                "down": {
                  "uv": [
                    32,
                    20
                  ],
                  "uv_size": [
                    4,
                    -4
                  ]
                }
              }
            }
          ]
        },
        {
          "name": "right_arm",
          "parent": "body",
          "pivot": [
            -5,
            22,
            0
          ],
          "cubes": [
            {
              "origin": [
                -8,
                8,
                -2
              ],
              "size": [
                4,
                16,
                4
              ],
              "uv": {
                "north": {
                  "uv": [
                    4,
                    36
                  ],
                  "uv_size": [
                    4,
                    12
                  ]
                },
                "east": {
                  "uv": [
                    0,
                    36
                  ],
                  "uv_size": [
                    4,
                    12
                  ]
                },
                "south": {
                  "uv": [
                    12,
                    36
                  ],
                  "uv_size": [
                    4,
                    12
                  ]
                },
                "west": {
                  "uv": [
                    8,
                    36
                  ],
                  "uv_size": [
                    4,
                    12
                  ]
                },
                "up": {
                  "uv": [
                    4,
                    32
                  ],
                  "uv_size": [
                    4,
                    4
                  ]
                },
                "down": {
                  "uv": [
                    8,
                    36
                  ],
                  "uv_size": [
                    4,
                    -4
                  ]
                }
              }
            }
          ]
        },
        {
          "name": "bone4",
          "parent": "body",
          "pivot": [
            0.5,
            20.5,
            -24
          ],
          "cubes": [
            {
              "origin": [
                4.75,
                20.75,
                -45
              ],
              "size": [
                0.5,
                0.5,
                11
              ],
              "pivot": [
                5.75,
                20.75,
                -34
              ],
              "rotation": [
                0,
                -20,
                0
              ],
              "uv": {
                "north": {
                  "uv": [
                    7,
                    24
                  ],
                  "uv_size": [
                    1,
                    1
                  ]
                },
                "east": {
                  "uv": [
                    6,
                    24
                  ],
                  "uv_size": [
                    1,
                    1
                  ]
                },
                "south": {
                  "uv": [
                    9,
                    24
                  ],
                  "uv_size": [
                    1,
                    1
                  ]
                },
                "west": {
                  "uv": [
                    8,
                    24
                  ],
                  "uv_size": [
                    1,
                    1
                  ]
                },
                "up": {
                  "uv": [
                    7,
                    23
                  ],
                  "uv_size": [
                    1,
                    1
                  ]
                },
                "down": {
                  "uv": [
                    8,
                    24
                  ],
                  "uv_size": [
                    1,
                    -1
                  ]
                }
              }
            },
            {
              "origin": [
                -0.75,
                20.25,
                -24
              ],
              "size": [
                1.5,
                1.5,
                11
              ],
              "pivot": [
                0.25,
                20.25,
                -13
              ],
              "rotation": [
                0,
                -5,
                0
              ],
              "uv": {
                "north": {
                  "uv": [
                    7,
                    24
                  ],
                  "uv_size": [
                    1,
                    1
                  ]
                },
                "east": {
                  "uv": [
                    6,
                    24
                  ],
                  "uv_size": [
                    1,
                    1
                  ]
                },
                "south": {
                  "uv": [
                    9,
                    24
                  ],
                  "uv_size": [
                    1,
                    1
                  ]
                },
                "west": {
                  "uv": [
                    8,
                    24
                  ],
                  "uv_size": [
                    1,
                    1
                  ]
                },
                "up": {
                  "uv": [
                    7,
                    23
                  ],
                  "uv_size": [
                    1,
                    1
                  ]
                },
                "down": {
                  "uv": [
                    8,
                    24
                  ],
                  "uv_size": [
                    1,
                    -1
                  ]
                }
              }
            },
            {
              "origin": [
                -1,
                20,
                -13
              ],
              "size": [
                2,
                2,
                11
              ],
              "uv": {
                "north": {
                  "uv": [
                    7,
                    24
                  ],
                  "uv_size": [
                    1,
                    1
                  ]
                },
                "east": {
                  "uv": [
                    6,
                    24
                  ],
                  "uv_size": [
                    1,
                    1
                  ]
                },
                "south": {
                  "uv": [
                    9,
                    24
                  ],
                  "uv_size": [
                    1,
                    1
                  ]
                },
                "west": {
                  "uv": [
                    8,
                    24
                  ],
                  "uv_size": [
                    1,
                    1
                  ]
                },
                "up": {
                  "uv": [
                    7,
                    23
                  ],
                  "uv_size": [
                    1,
                    1
                  ]
                },
                "down": {
                  "uv": [
                    8,
                    24
                  ],
                  "uv_size": [
                    1,
                    -1
                  ]
                }
              }
            },
            {
              "origin": [
                0.5,
                20.5,
                -35
              ],
              "size": [
                1,
                1,
                11
              ],
              "pivot": [
                1.5,
                20.5,
                -24
              ],
              "rotation": [
                0,
                -20,
                0
              ],
              "uv": {
                "north": {
                  "uv": [
                    7,
                    24
                  ],
                  "uv_size": [
                    1,
                    1
                  ]
                },
                "east": {
                  "uv": [
                    6,
                    24
                  ],
                  "uv_size": [
                    1,
                    1
                  ]
                },
                "south": {
                  "uv": [
                    9,
                    24
                  ],
                  "uv_size": [
                    1,
                    1
                  ]
                },
                "west": {
                  "uv": [
                    8,
                    24
                  ],
                  "uv_size": [
                    1,
                    1
                  ]
                },
                "up": {
                  "uv": [
                    7,
                    23
                  ],
                  "uv_size": [
                    1,
                    1
                  ]
                },
                "down": {
                  "uv": [
                    8,
                    24
                  ],
                  "uv_size": [
                    1,
                    -1
                  ]
                }
              }
            },
            {
              "origin": [
                -0.25,
                18.75,
                -51
              ],
              "size": [
                0.5,
                0.5,
                16
              ],
              "pivot": [
                0.75,
                18.75,
                -35
              ],
              "rotation": [
                -7.5,
                0,
                0
              ],
              "uv": {
                "north": {
                  "uv": [
                    7,
                    24
                  ],
                  "uv_size": [
                    1,
                    1
                  ]
                },
                "east": {
                  "uv": [
                    6,
                    24
                  ],
                  "uv_size": [
                    1,
                    1
                  ]
                },
                "south": {
                  "uv": [
                    9,
                    24
                  ],
                  "uv_size": [
                    1,
                    1
                  ]
                },
                "west": {
                  "uv": [
                    8,
                    24
                  ],
                  "uv_size": [
                    1,
                    1
                  ]
                },
                "up": {
                  "uv": [
                    7,
                    23
                  ],
                  "uv_size": [
                    1,
                    1
                  ]
                },
                "down": {
                  "uv": [
                    8,
                    24
                  ],
                  "uv_size": [
                    1,
                    -1
                  ]
                }
              }
            },
            {
              "origin": [
                -0.75,
                18.25,
                -24
              ],
              "size": [
                1.5,
                1.5,
                11
              ],
              "uv": {
                "north": {
                  "uv": [
                    7,
                    24
                  ],
                  "uv_size": [
                    1,
                    1
                  ]
                },
                "east": {
                  "uv": [
                    6,
                    24
                  ],
                  "uv_size": [
                    1,
                    1
                  ]
                },
                "south": {
                  "uv": [
                    9,
                    24
                  ],
                  "uv_size": [
                    1,
                    1
                  ]
                },
                "west": {
                  "uv": [
                    8,
                    24
                  ],
                  "uv_size": [
                    1,
                    1
                  ]
                },
                "up": {
                  "uv": [
                    7,
                    23
                  ],
                  "uv_size": [
                    1,
                    1
                  ]
                },
                "down": {
                  "uv": [
                    8,
                    24
                  ],
                  "uv_size": [
                    1,
                    -1
                  ]
                }
              }
            },
            {
              "origin": [
                -1,
                18,
                -13
              ],
              "size": [
                2,
                2,
                11
              ],
              "uv": {
                "north": {
                  "uv": [
                    7,
                    24
                  ],
                  "uv_size": [
                    1,
                    1
                  ]
                },
                "east": {
                  "uv": [
                    6,
                    24
                  ],
                  "uv_size": [
                    1,
                    1
                  ]
                },
                "south": {
                  "uv": [
                    9,
                    24
                  ],
                  "uv_size": [
                    1,
                    1
                  ]
                },
                "west": {
                  "uv": [
                    8,
                    24
                  ],
                  "uv_size": [
                    1,
                    1
                  ]
                },
                "up": {
                  "uv": [
                    7,
                    23
                  ],
                  "uv_size": [
                    1,
                    1
                  ]
                },
                "down": {
                  "uv": [
                    8,
                    24
                  ],
                  "uv_size": [
                    1,
                    -1
                  ]
                }
              }
            },
            {
              "origin": [
                -0.5,
                18.5,
                -40
              ],
              "size": [
                1,
                1,
                16
              ],
              "pivot": [
                0.5,
                18.5,
                -24
              ],
              "rotation": [
                -2.5,
                0,
                0
              ],
              "uv": {
                "north": {
                  "uv": [
                    7,
                    24
                  ],
                  "uv_size": [
                    1,
                    1
                  ]
                },
                "east": {
                  "uv": [
                    6,
                    24
                  ],
                  "uv_size": [
                    1,
                    1
                  ]
                },
                "south": {
                  "uv": [
                    9,
                    24
                  ],
                  "uv_size": [
                    1,
                    1
                  ]
                },
                "west": {
                  "uv": [
                    8,
                    24
                  ],
                  "uv_size": [
                    1,
                    1
                  ]
                },
                "up": {
                  "uv": [
                    7,
                    23
                  ],
                  "uv_size": [
                    1,
                    1
                  ]
                },
                "down": {
                  "uv": [
                    8,
                    24
                  ],
                  "uv_size": [
                    1,
                    -1
                  ]
                }
              }
            },
            {
              "origin": [
                -3.25,
                13,
                -46
              ],
              "size": [
                0.5,
                0.5,
                11
              ],
              "pivot": [
                -2.25,
                13,
                -35
              ],
              "rotation": [
                7.5,
                0,
                0
              ],
              "uv": {
                "north": {
                  "uv": [
                    7,
                    24
                  ],
                  "uv_size": [
                    1,
                    1
                  ]
                },
                "east": {
                  "uv": [
                    6,
                    24
                  ],
                  "uv_size": [
                    1,
                    1
                  ]
                },
                "south": {
                  "uv": [
                    9,
                    24
                  ],
                  "uv_size": [
                    1,
                    1
                  ]
                },
                "west": {
                  "uv": [
                    8,
                    24
                  ],
                  "uv_size": [
                    1,
                    1
                  ]
                },
                "up": {
                  "uv": [
                    7,
                    23
                  ],
                  "uv_size": [
                    1,
                    1
                  ]
                },
                "down": {
                  "uv": [
                    8,
                    24
                  ],
                  "uv_size": [
                    1,
                    -1
                  ]
                }
              }
            },
            {
              "origin": [
                -3.75,
                17.25,
                -24
              ],
              "size": [
                1.5,
                1.5,
                11
              ],
              "pivot": [
                -2.75,
                17.25,
                -13
              ],
              "rotation": [
                7.5,
                0,
                0
              ],
              "uv": {
                "north": {
                  "uv": [
                    7,
                    24
                  ],
                  "uv_size": [
                    1,
                    1
                  ]
                },
                "east": {
                  "uv": [
                    6,
                    24
                  ],
                  "uv_size": [
                    1,
                    1
                  ]
                },
                "south": {
                  "uv": [
                    9,
                    24
                  ],
                  "uv_size": [
                    1,
                    1
                  ]
                },
                "west": {
                  "uv": [
                    8,
                    24
                  ],
                  "uv_size": [
                    1,
                    1
                  ]
                },
                "up": {
                  "uv": [
                    7,
                    23
                  ],
                  "uv_size": [
                    1,
                    1
                  ]
                },
                "down": {
                  "uv": [
                    8,
                    24
                  ],
                  "uv_size": [
                    1,
                    -1
                  ]
                }
              }
            },
            {
              "origin": [
                -4,
                17,
                -13
              ],
              "size": [
                2,
                2,
                11
              ],
              "uv": {
                "north": {
                  "uv": [
                    7,
                    24
                  ],
                  "uv_size": [
                    1,
                    1
                  ]
                },
                "east": {
                  "uv": [
                    6,
                    24
                  ],
                  "uv_size": [
                    1,
                    1
                  ]
                },
                "south": {
                  "uv": [
                    9,
                    24
                  ],
                  "uv_size": [
                    1,
                    1
                  ]
                },
                "west": {
                  "uv": [
                    8,
                    24
                  ],
                  "uv_size": [
                    1,
                    1
                  ]
                },
                "up": {
                  "uv": [
                    7,
                    23
                  ],
                  "uv_size": [
                    1,
                    1
                  ]
                },
                "down": {
                  "uv": [
                    8,
                    24
                  ],
                  "uv_size": [
                    1,
                    -1
                  ]
                }
              }
            },
            {
              "origin": [
                -3.5,
                15.5,
                -35
              ],
              "size": [
                1,
                1,
                11
              ],
              "pivot": [
                -2.5,
                15.5,
                -24
              ],
              "rotation": [
                15,
                0,
                0
              ],
              "uv": {
                "north": {
                  "uv": [
                    7,
                    24
                  ],
                  "uv_size": [
                    1,
                    1
                  ]
                },
                "east": {
                  "uv": [
                    6,
                    24
                  ],
                  "uv_size": [
                    1,
                    1
                  ]
                },
                "south": {
                  "uv": [
                    9,
                    24
                  ],
                  "uv_size": [
                    1,
                    1
                  ]
                },
                "west": {
                  "uv": [
                    8,
                    24
                  ],
                  "uv_size": [
                    1,
                    1
                  ]
                },
                "up": {
                  "uv": [
                    7,
                    23
                  ],
                  "uv_size": [
                    1,
                    1
                  ]
                },
                "down": {
                  "uv": [
                    8,
                    24
                  ],
                  "uv_size": [
                    1,
                    -1
                  ]
                }
              }
            }
          ]
        },
        {
          "name": "bone7",
          "pivot": [
            0,
            0,
            -20
          ],
          "cubes": [
            {
              "origin": [
                -16,
                26,
                -21
              ],
              "size": [
                32,
                0,
                2
              ],
              "uv": {
                "north": {
                  "uv": [
                    17,
                    54
                  ],
                  "uv_size": [
                    12,
                    10
                  ]
                },
                "east": {
                  "uv": [
                    15,
                    54
                  ],
                  "uv_size": [
                    2,
                    10
                  ]
                },
                "south": {
                  "uv": [
                    31,
                    54
                  ],
                  "uv_size": [
                    12,
                    10
                  ]
                },
                "west": {
                  "uv": [
                    29,
                    54
                  ],
                  "uv_size": [
                    2,
                    10
                  ]
                },
                "up": {
                  "uv": [
                    17,
                    52
                  ],
                  "uv_size": [
                    12,
                    2
                  ]
                },
                "down": {
                  "uv": [
                    29,
                    54
                  ],
                  "uv_size": [
                    12,
                    -2
                  ]
                }
              }
            }
          ]
        }
      ]
    }
  ]
}