{
  "format_version": "1.12.0",
  "minecraft:geometry": [
    {
      "description": {
        "identifier": "geometry.imitators_theteethed",
        "texture_width": 256,
        "texture_height": 256,
        "visible_bounds_width": 11,
        "visible_bounds_height": 9,
        "visible_bounds_offset": [
          0,
          3.5,
          0
        ]
      },
      "bones": [
        {
          "name": "bone15",
          "pivot": [
            0,
            17,
            0
          ]
        },
        {
          "name": "bone5",
          "parent": "bone15",
          "pivot": [
            5,
            43,
            2
          ],
          "cubes": [
            {
              "origin": [
                2,
                23,
                0
              ],
              "size": [
                5,
                20,
                5
              ],
              "uv": {
                "north": {
                  "uv": [
                    16,
                    118
                  ],
                  "uv_size": [
                    5,
                    20
                  ]
                },
                "east": {
                  "uv": [
                    21,
                    118
                  ],
                  "uv_size": [
                    5,
                    20
                  ]
                },
                "south": {
                  "uv": [
                    110,
                    120
                  ],
                  "uv_size": [
                    5,
                    20
                  ]
                },
                "west": {
                  "uv": [
                    115,
                    120
                  ],
                  "uv_size": [
                    5,
                    20
                  ]
                },
                "up": {
                  "uv": [
                    21,
                    138
                  ],
                  "uv_size": [
                    5,
                    5
                  ]
                },
                "down": {
                  "uv": [
                    66,
                    143
                  ],
                  "uv_size": [
                    5,
                    -5
                  ]
                }
              }
            }
          ]
        },
        {
          "name": "bone13",
          "parent": "bone5",
          "pivot": [
            5,
            23,
            2
          ],
          "cubes": [
            {
              "origin": [
                2,
                3,
                1
              ],
              "size": [
                5,
                20,
                4
              ],
              "uv": {
                "north": {
                  "uv": [
                    120,
                    120
                  ],
                  "uv_size": [
                    5,
                    20
                  ]
                },
                "east": {
                  "uv": [
                    127,
                    64
                  ],
                  "uv_size": [
                    4,
                    20
                  ]
                },
                "south": {
                  "uv": [
                    121,
                    24
                  ],
                  "uv_size": [
                    5,
                    20
                  ]
                },
                "west": {
                  "uv": [
                    128,
                    84
                  ],
                  "uv_size": [
                    4,
                    20
                  ]
                },
                "up": {
                  "uv": [
                    52,
                    60
                  ],
                  "uv_size": [
                    5,
                    4
                  ]
                },
                "down": {
                  "uv": [
                    138,
                    126
                  ],
                  "uv_size": [
                    5,
                    -4
                  ]
                }
              }
            },
            {
              "origin": [
                2,
                0,
                -1
              ],
              "size": [
                5,
                3,
                6
              ],
              "uv": {
                "north": {
                  "uv": [
                    143,
                    12
                  ],
                  "uv_size": [
                    5,
                    3
                  ]
                },
                "east": {
                  "uv": [
                    140,
                    104
                  ],
                  "uv_size": [
                    6,
                    3
                  ]
                },
                "south": {
                  "uv": [
                    143,
                    15
                  ],
                  "uv_size": [
                    5,
                    3
                  ]
                },
                "west": {
                  "uv": [
                    105,
                    140
                  ],
                  "uv_size": [
                    6,
                    3
                  ]
                },
                "up": {
                  "uv": [
                    138,
                    12
                  ],
                  "uv_size": [
                    5,
                    6
                  ]
                },
                "down": {
                  "uv": [
                    16,
                    144
                  ],
                  "uv_size": [
                    5,
                    -6
                  ]
                }
              }
            }
          ]
        },
        {
          "name": "bone14",
          "parent": "bone15",
          "pivot": [
            0,
            43,
            3
          ],
          "cubes": [
            {
              "origin": [
                1,
                56,
                -3
              ],
              "size": [
                7,
                22,
                2
              ],
              "pivot": [
                0,
                56,
                -2
              ],
              "rotation": [
                0,
                0,
                2.5
              ],
              "uv": [
                40,
                36
              ]
            },
            {
              "origin": [
                -8,
                56,
                -3
              ],
              "size": [
                7,
                22,
                2
              ],
              "pivot": [
                0,
                56,
                -2
              ],
              "rotation": [
                0,
                0,
                -2.5
              ],
              "uv": [
                48,
                0
              ]
            },
            {
              "origin": [
                -8,
                55,
                0
              ],
              "size": [
                8,
                22,
                2
              ],
              "uv": {
                "north": {
                  "uv": [
                    66,
                    0
                  ],
                  "uv_size": [
                    8,
                    22
                  ]
                },
                "east": {
                  "uv": [
                    97,
                    104
                  ],
                  "uv_size": [
                    2,
                    22
                  ]
                },
                "south": {
                  "uv": [
                    39,
                    95
                  ],
                  "uv_size": [
                    8,
                    22
                  ]
                },
                "west": {
                  "uv": [
                    26,
                    118
                  ],
                  "uv_size": [
                    2,
                    22
                  ]
                },
                "up": {
                  "uv": [
                    48,
                    34
                  ],
                  "uv_size": [
                    8,
                    2
                  ]
                },
                "down": {
                  "uv": [
                    66,
                    24
                  ],
                  "uv_size": [
                    8,
                    -2
                  ]
                }
              }
            },
            {
              "origin": [
                -8,
                45,
                -0.25
              ],
              "size": [
                10,
                33,
                5.25
              ],
              "pivot": [
                -9,
                57,
                1
              ],
              "rotation": [
                0,
                0,
                -5
              ],
              "uv": {
                "north": {
                  "uv": [
                    12,
                    63
                  ],
                  "uv_size": [
                    10,
                    33
                  ]
                },
                "east": {
                  "uv": [
                    75,
                    97
                  ],
                  "uv_size": [
                    5.25,
                    33
                  ]
                },
                "south": {
                  "uv": [
                    22,
                    63
                  ],
                  "uv_size": [
                    10,
                    33
                  ]
                },
                "west": {
                  "uv": [
                    0,
                    98
                  ],
                  "uv_size": [
                    5.25,
                    33
                  ]
                },
                "up": {
                  "uv": [
                    48,
                    28
                  ],
                  "uv_size": [
                    10,
                    5.25
                  ]
                },
                "down": {
                  "uv": [
                    129,
                    5.25
                  ],
                  "uv_size": [
                    10,
                    -5.25
                  ]
                }
              }
            },
            {
              "origin": [
                0,
                55,
                0
              ],
              "size": [
                8,
                22,
                2
              ],
              "uv": {
                "north": {
                  "uv": [
                    12,
                    96
                  ],
                  "uv_size": [
                    8,
                    22
                  ]
                },
                "east": {
                  "uv": [
                    79,
                    130
                  ],
                  "uv_size": [
                    2,
                    22
                  ]
                },
                "south": {
                  "uv": [
                    20,
                    96
                  ],
                  "uv_size": [
                    8,
                    22
                  ]
                },
                "west": {
                  "uv": [
                    10,
                    131
                  ],
                  "uv_size": [
                    2,
                    22
                  ]
                },
                "up": {
                  "uv": [
                    138,
                    126
                  ],
                  "uv_size": [
                    8,
                    2
                  ]
                },
                "down": {
                  "uv": [
                    141,
                    81
                  ],
                  "uv_size": [
                    8,
                    -2
                  ]
                }
              }
            },
            {
              "origin": [
                -6,
                43,
                -0.5
              ],
              "size": [
                12,
                35,
                4.5
              ],
              "uv": {
                "north": {
                  "uv": [
                    40,
                    60
                  ],
                  "uv_size": [
                    12,
                    35
                  ]
                },
                "east": {
                  "uv": [
                    99,
                    99
                  ],
                  "uv_size": [
                    4.5,
                    35
                  ]
                },
                "south": {
                  "uv": [
                    0,
                    63
                  ],
                  "uv_size": [
                    12,
                    35
                  ]
                },
                "west": {
                  "uv": [
                    104,
                    33
                  ],
                  "uv_size": [
                    4.5,
                    35
                  ]
                },
                "up": {
                  "uv": [
                    128,
                    104
                  ],
                  "uv_size": [
                    12,
                    4.5
                  ]
                },
                "down": {
                  "uv": [
                    128,
                    113.5
                  ],
                  "uv_size": [
                    12,
                    -4.5
                  ]
                }
              }
            },
            {
              "origin": [
                -3,
                56,
                -2.75
              ],
              "size": [
                7,
                19,
                1.75
              ],
              "uv": [
                58,
                24
              ]
            },
            {
              "origin": [
                -3,
                62,
                -2.5
              ],
              "size": [
                6,
                16,
                6
              ],
              "uv": {
                "north": {
                  "uv": [
                    125,
                    116
                  ],
                  "uv_size": [
                    6,
                    16
                  ]
                },
                "east": {
                  "uv": [
                    126,
                    16
                  ],
                  "uv_size": [
                    6,
                    16
                  ]
                },
                "south": {
                  "uv": [
                    127,
                    32
                  ],
                  "uv_size": [
                    6,
                    16
                  ]
                },
                "west": {
                  "uv": [
                    127,
                    48
                  ],
                  "uv_size": [
                    6,
                    16
                  ]
                },
                "up": {
                  "uv": [
                    81,
                    132
                  ],
                  "uv_size": [
                    6,
                    6
                  ]
                },
                "down": {
                  "uv": [
                    132,
                    90
                  ],
                  "uv_size": [
                    6,
                    -6
                  ]
                }
              }
            },
            {
              "origin": [
                -2,
                45,
                -0.35
              ],
              "size": [
                10,
                33,
                5.25
              ],
              "pivot": [
                9,
                57,
                0.9
              ],
              "rotation": [
                0,
                0,
                5
              ],
              "uv": {
                "north": {
                  "uv": [
                    72,
                    64
                  ],
                  "uv_size": [
                    10,
                    33
                  ]
                },
                "east": {
                  "uv": [
                    6,
                    98
                  ],
                  "uv_size": [
                    5.25,
                    33
                  ]
                },
                "south": {
                  "uv": [
                    74,
                    0
                  ],
                  "uv_size": [
                    10,
                    33
                  ]
                },
                "west": {
                  "uv": [
                    99,
                    0
                  ],
                  "uv_size": [
                    5.25,
                    33
                  ]
                },
                "up": {
                  "uv": [
                    129,
                    6
                  ],
                  "uv_size": [
                    10,
                    5.25
                  ]
                },
                "down": {
                  "uv": [
                    0,
                    136.25
                  ],
                  "uv_size": [
                    10,
                    -5.25
                  ]
                }
              }
            },
            {
              "origin": [
                -4,
                56,
                -2.75
              ],
              "size": [
                7,
                19,
                1.75
              ],
              "uv": [
                58,
                44
              ]
            }
          ]
        },
        {
          "name": "bone3",
          "parent": "bone14",
          "pivot": [
            10,
            77,
            2
          ],
          "cubes": [
            {
              "origin": [
                11,
                53,
                1
              ],
              "size": [
                7,
                25,
                4
              ],
              "uv": {
                "north": {
                  "uv": [
                    61,
                    97
                  ],
                  "uv_size": [
                    7,
                    25
                  ]
                },
                "east": {
                  "uv": [
                    42,
                    117
                  ],
                  "uv_size": [
                    4,
                    25
                  ]
                },
                "south": {
                  "uv": [
                    68,
                    97
                  ],
                  "uv_size": [
                    7,
                    25
                  ]
                },
                "west": {
                  "uv": [
                    12,
                    118
                  ],
                  "uv_size": [
                    4,
                    25
                  ]
                },
                "up": {
                  "uv": [
                    138,
                    18
                  ],
                  "uv_size": [
                    7,
                    4
                  ]
                },
                "down": {
                  "uv": [
                    138,
                    26
                  ],
                  "uv_size": [
                    7,
                    -4
                  ]
                }
              }
            },
            {
              "origin": [
                10,
                52,
                -1
              ],
              "size": [
                7,
                26,
                7
              ],
              "pivot": [
                8,
                57,
                1
              ],
              "rotation": [
                0,
                0,
                -5
              ],
              "uv": {
                "north": {
                  "uv": [
                    91,
                    0
                  ],
                  "uv_size": [
                    7,
                    26
                  ]
                },
                "east": {
                  "uv": [
                    92,
                    26
                  ],
                  "uv_size": [
                    7,
                    26
                  ]
                },
                "south": {
                  "uv": [
                    92,
                    52
                  ],
                  "uv_size": [
                    7,
                    26
                  ]
                },
                "west": {
                  "uv": [
                    92,
                    78
                  ],
                  "uv_size": [
                    7,
                    26
                  ]
                },
                "up": {
                  "uv": [
                    131,
                    114
                  ],
                  "uv_size": [
                    7,
                    7
                  ]
                },
                "down": {
                  "uv": [
                    131,
                    128
                  ],
                  "uv_size": [
                    7,
                    -7
                  ]
                }
              }
            }
          ]
        },
        {
          "name": "bone8",
          "parent": "bone3",
          "pivot": [
            14,
            53,
            2
          ],
          "cubes": [
            {
              "origin": [
                11,
                31,
                -0.5
              ],
              "size": [
                6,
                24,
                6
              ],
              "uv": {
                "north": {
                  "uv": [
                    104,
                    68
                  ],
                  "uv_size": [
                    6,
                    24
                  ]
                },
                "east": {
                  "uv": [
                    91,
                    104
                  ],
                  "uv_size": [
                    6,
                    24
                  ]
                },
                "south": {
                  "uv": [
                    104,
                    92
                  ],
                  "uv_size": [
                    6,
                    24
                  ]
                },
                "west": {
                  "uv": [
                    105,
                    0
                  ],
                  "uv_size": [
                    6,
                    24
                  ]
                },
                "up": {
                  "uv": [
                    132,
                    18
                  ],
                  "uv_size": [
                    6,
                    6
                  ]
                },
                "down": {
                  "uv": [
                    132,
                    30
                  ],
                  "uv_size": [
                    6,
                    -6
                  ]
                }
              }
            }
          ]
        },
        {
          "name": "bone9",
          "parent": "bone8",
          "pivot": [
            14,
            31,
            2
          ],
          "cubes": [
            {
              "origin": [
                11,
                7,
                -0.5
              ],
              "size": [
                6,
                24,
                6
              ],
              "uv": {
                "north": {
                  "uv": [
                    109,
                    24
                  ],
                  "uv_size": [
                    6,
                    24
                  ]
                },
                "east": {
                  "uv": [
                    110,
                    48
                  ],
                  "uv_size": [
                    6,
                    24
                  ]
                },
                "south": {
                  "uv": [
                    110,
                    72
                  ],
                  "uv_size": [
                    6,
                    24
                  ]
                },
                "west": {
                  "uv": [
                    110,
                    96
                  ],
                  "uv_size": [
                    6,
                    24
                  ]
                },
                "up": {
                  "uv": [
                    132,
                    90
                  ],
                  "uv_size": [
                    6,
                    6
                  ]
                },
                "down": {
                  "uv": [
                    132,
                    102
                  ],
                  "uv_size": [
                    6,
                    -6
                  ]
                }
              }
            }
          ]
        },
        {
          "name": "bone17",
          "parent": "bone9",
          "pivot": [
            14,
            7,
            2
          ],
          "cubes": [
            {
              "origin": [
                15,
                -1,
                4.5
              ],
              "size": [
                3,
                8,
                2
              ],
              "uv": {
                "north": {
                  "uv": [
                    28,
                    96
                  ],
                  "uv_size": [
                    3,
                    8
                  ]
                },
                "east": {
                  "uv": [
                    26,
                    140
                  ],
                  "uv_size": [
                    2,
                    8
                  ]
                },
                "south": {
                  "uv": [
                    28,
                    104
                  ],
                  "uv_size": [
                    3,
                    8
                  ]
                },
                "west": {
                  "uv": [
                    89,
                    140
                  ],
                  "uv_size": [
                    2,
                    8
                  ]
                },
                "up": {
                  "uv": [
                    28,
                    112
                  ],
                  "uv_size": [
                    3,
                    2
                  ]
                },
                "down": {
                  "uv": [
                    122,
                    118
                  ],
                  "uv_size": [
                    3,
                    -2
                  ]
                }
              }
            },
            {
              "origin": [
                16,
                -1,
                -1.5
              ],
              "size": [
                3,
                8,
                2
              ],
              "pivot": [
                15,
                -17,
                0.5
              ],
              "rotation": [
                0,
                0,
                -5
              ],
              "uv": {
                "north": {
                  "uv": [
                    123,
                    16
                  ],
                  "uv_size": [
                    3,
                    8
                  ]
                },
                "east": {
                  "uv": [
                    141,
                    91
                  ],
                  "uv_size": [
                    2,
                    8
                  ]
                },
                "south": {
                  "uv": [
                    87,
                    132
                  ],
                  "uv_size": [
                    3,
                    8
                  ]
                },
                "west": {
                  "uv": [
                    141,
                    113
                  ],
                  "uv_size": [
                    2,
                    8
                  ]
                },
                "up": {
                  "uv": [
                    129,
                    12
                  ],
                  "uv_size": [
                    3,
                    2
                  ]
                },
                "down": {
                  "uv": [
                    129,
                    16
                  ],
                  "uv_size": [
                    3,
                    -2
                  ]
                }
              }
            },
            {
              "origin": [
                19,
                -1,
                1.5
              ],
              "size": [
                3,
                8,
                2
              ],
              "pivot": [
                18,
                -17,
                3.5
              ],
              "rotation": [
                0,
                0,
                -10
              ],
              "uv": {
                "north": {
                  "uv": [
                    138,
                    114
                  ],
                  "uv_size": [
                    3,
                    8
                  ]
                },
                "east": {
                  "uv": [
                    135,
                    141
                  ],
                  "uv_size": [
                    2,
                    8
                  ]
                },
                "south": {
                  "uv": [
                    125,
                    138
                  ],
                  "uv_size": [
                    3,
                    8
                  ]
                },
                "west": {
                  "uv": [
                    137,
                    141
                  ],
                  "uv_size": [
                    2,
                    8
                  ]
                },
                "up": {
                  "uv": [
                    117,
                    143
                  ],
                  "uv_size": [
                    3,
                    2
                  ]
                },
                "down": {
                  "uv": [
                    143,
                    119
                  ],
                  "uv_size": [
                    3,
                    -2
                  ]
                }
              }
            },
            {
              "origin": [
                14,
                -9,
                -1.5
              ],
              "size": [
                2,
                8,
                2
              ],
              "pivot": [
                13,
                -25,
                0.5
              ],
              "rotation": [
                0,
                0,
                2.5
              ],
              "uv": {
                "north": {
                  "uv": [
                    37,
                    142
                  ],
                  "uv_size": [
                    2,
                    8
                  ]
                },
                "east": {
                  "uv": [
                    142,
                    38
                  ],
                  "uv_size": [
                    2,
                    8
                  ]
                },
                "south": {
                  "uv": [
                    39,
                    142
                  ],
                  "uv_size": [
                    2,
                    8
                  ]
                },
                "west": {
                  "uv": [
                    41,
                    142
                  ],
                  "uv_size": [
                    2,
                    8
                  ]
                },
                "up": {
                  "uv": [
                    141,
                    81
                  ],
                  "uv_size": [
                    2,
                    2
                  ]
                },
                "down": {
                  "uv": [
                    143,
                    143
                  ],
                  "uv_size": [
                    2,
                    -2
                  ]
                }
              }
            },
            {
              "origin": [
                17,
                -9,
                1.5
              ],
              "size": [
                2,
                8,
                2
              ],
              "pivot": [
                16,
                -25,
                3.5
              ],
              "rotation": [
                0,
                0,
                -2.5
              ],
              "uv": {
                "north": {
                  "uv": [
                    47,
                    142
                  ],
                  "uv_size": [
                    2,
                    8
                  ]
                },
                "east": {
                  "uv": [
                    49,
                    142
                  ],
                  "uv_size": [
                    2,
                    8
                  ]
                },
                "south": {
                  "uv": [
                    51,
                    142
                  ],
                  "uv_size": [
                    2,
                    8
                  ]
                },
                "west": {
                  "uv": [
                    53,
                    142
                  ],
                  "uv_size": [
                    2,
                    8
                  ]
                },
                "up": {
                  "uv": [
                    143,
                    143
                  ],
                  "uv_size": [
                    2,
                    2
                  ]
                },
                "down": {
                  "uv": [
                    0,
                    146
                  ],
                  "uv_size": [
                    2,
                    -2
                  ]
                }
              }
            },
            {
              "origin": [
                8.5,
                -7,
                4.5
              ],
              "size": [
                2,
                8,
                2
              ],
              "pivot": [
                7.5,
                -23,
                6.5
              ],
              "rotation": [
                0,
                0,
                17.5
              ],
              "uv": {
                "north": {
                  "uv": [
                    63,
                    142
                  ],
                  "uv_size": [
                    2,
                    8
                  ]
                },
                "east": {
                  "uv": [
                    12,
                    143
                  ],
                  "uv_size": [
                    2,
                    8
                  ]
                },
                "south": {
                  "uv": [
                    14,
                    143
                  ],
                  "uv_size": [
                    2,
                    8
                  ]
                },
                "west": {
                  "uv": [
                    21,
                    143
                  ],
                  "uv_size": [
                    2,
                    8
                  ]
                },
                "up": {
                  "uv": [
                    144,
                    2
                  ],
                  "uv_size": [
                    2,
                    2
                  ]
                },
                "down": {
                  "uv": [
                    4,
                    146
                  ],
                  "uv_size": [
                    2,
                    -2
                  ]
                }
              }
            }
          ]
        },
        {
          "name": "bone18",
          "parent": "bone9",
          "pivot": [
            13,
            7.25,
            -2.25
          ],
          "cubes": [
            {
              "origin": [
                11,
                0,
                -8.5
              ],
              "size": [
                3,
                8,
                2
              ],
              "pivot": [
                10,
                -16,
                -6.5
              ],
              "rotation": [
                -12.5,
                0,
                0
              ],
              "uv": {
                "north": {
                  "uv": [
                    28,
                    139
                  ],
                  "uv_size": [
                    3,
                    8
                  ]
                },
                "east": {
                  "uv": [
                    143,
                    91
                  ],
                  "uv_size": [
                    2,
                    8
                  ]
                },
                "south": {
                  "uv": [
                    139,
                    30
                  ],
                  "uv_size": [
                    3,
                    8
                  ]
                },
                "west": {
                  "uv": [
                    99,
                    143
                  ],
                  "uv_size": [
                    2,
                    8
                  ]
                },
                "up": {
                  "uv": [
                    143,
                    123
                  ],
                  "uv_size": [
                    3,
                    2
                  ]
                },
                "down": {
                  "uv": [
                    143,
                    130
                  ],
                  "uv_size": [
                    3,
                    -2
                  ]
                }
              }
            },
            {
              "origin": [
                11,
                -7.75,
                -7.25
              ],
              "size": [
                2,
                8,
                2
              ],
              "pivot": [
                10,
                -23.75,
                -5.25
              ],
              "rotation": [
                -5,
                0,
                0
              ],
              "uv": {
                "north": {
                  "uv": [
                    69,
                    143
                  ],
                  "uv_size": [
                    2,
                    8
                  ]
                },
                "east": {
                  "uv": [
                    81,
                    143
                  ],
                  "uv_size": [
                    2,
                    8
                  ]
                },
                "south": {
                  "uv": [
                    143,
                    81
                  ],
                  "uv_size": [
                    2,
                    8
                  ]
                },
                "west": {
                  "uv": [
                    83,
                    143
                  ],
                  "uv_size": [
                    2,
                    8
                  ]
                },
                "up": {
                  "uv": [
                    144,
                    8
                  ],
                  "uv_size": [
                    2,
                    2
                  ]
                },
                "down": {
                  "uv": [
                    144,
                    12
                  ],
                  "uv_size": [
                    2,
                    -2
                  ]
                }
              }
            }
          ]
        },
        {
          "name": "bone4",
          "parent": "bone14",
          "pivot": [
            -10,
            77,
            2
          ],
          "cubes": [
            {
              "origin": [
                -18,
                53,
                1
              ],
              "size": [
                7,
                25,
                4
              ],
              "uv": {
                "north": {
                  "uv": [
                    47,
                    97
                  ],
                  "uv_size": [
                    7,
                    25
                  ]
                },
                "east": {
                  "uv": [
                    34,
                    115
                  ],
                  "uv_size": [
                    4,
                    25
                  ]
                },
                "south": {
                  "uv": [
                    54,
                    97
                  ],
                  "uv_size": [
                    7,
                    25
                  ]
                },
                "west": {
                  "uv": [
                    38,
                    117
                  ],
                  "uv_size": [
                    4,
                    25
                  ]
                },
                "up": {
                  "uv": [
                    74,
                    59
                  ],
                  "uv_size": [
                    7,
                    4
                  ]
                },
                "down": {
                  "uv": [
                    133,
                    64
                  ],
                  "uv_size": [
                    7,
                    -4
                  ]
                }
              }
            },
            {
              "origin": [
                -17,
                52,
                -1
              ],
              "size": [
                7,
                26,
                7
              ],
              "pivot": [
                -8,
                57,
                1
              ],
              "rotation": [
                0,
                0,
                5
              ],
              "uv": {
                "north": {
                  "uv": [
                    32,
                    63
                  ],
                  "uv_size": [
                    7,
                    26
                  ]
                },
                "east": {
                  "uv": [
                    74,
                    33
                  ],
                  "uv_size": [
                    7,
                    26
                  ]
                },
                "south": {
                  "uv": [
                    84,
                    0
                  ],
                  "uv_size": [
                    7,
                    26
                  ]
                },
                "west": {
                  "uv": [
                    32,
                    89
                  ],
                  "uv_size": [
                    7,
                    26
                  ]
                },
                "up": {
                  "uv": [
                    84,
                    26
                  ],
                  "uv_size": [
                    7,
                    7
                  ]
                },
                "down": {
                  "uv": [
                    72,
                    137
                  ],
                  "uv_size": [
                    7,
                    -7
                  ]
                }
              }
            }
          ]
        },
        {
          "name": "bone10",
          "parent": "bone4",
          "pivot": [
            -14,
            53,
            2
          ],
          "cubes": [
            {
              "origin": [
                -17,
                31,
                -0.5
              ],
              "size": [
                6,
                24,
                6
              ],
              "uv": {
                "north": {
                  "uv": [
                    111,
                    0
                  ],
                  "uv_size": [
                    6,
                    24
                  ]
                },
                "east": {
                  "uv": [
                    115,
                    24
                  ],
                  "uv_size": [
                    6,
                    24
                  ]
                },
                "south": {
                  "uv": [
                    28,
                    115
                  ],
                  "uv_size": [
                    6,
                    24
                  ]
                },
                "west": {
                  "uv": [
                    116,
                    48
                  ],
                  "uv_size": [
                    6,
                    24
                  ]
                },
                "up": {
                  "uv": [
                    125,
                    132
                  ],
                  "uv_size": [
                    6,
                    6
                  ]
                },
                "down": {
                  "uv": [
                    133,
                    36
                  ],
                  "uv_size": [
                    6,
                    -6
                  ]
                }
              }
            }
          ]
        },
        {
          "name": "bone11",
          "parent": "bone10",
          "pivot": [
            -14,
            31,
            2
          ],
          "cubes": [
            {
              "origin": [
                -17,
                7,
                -0.5
              ],
              "size": [
                6,
                24,
                6
              ],
              "uv": {
                "north": {
                  "uv": [
                    116,
                    72
                  ],
                  "uv_size": [
                    6,
                    24
                  ]
                },
                "east": {
                  "uv": [
                    116,
                    96
                  ],
                  "uv_size": [
                    6,
                    24
                  ]
                },
                "south": {
                  "uv": [
                    104,
                    116
                  ],
                  "uv_size": [
                    6,
                    24
                  ]
                },
                "west": {
                  "uv": [
                    117,
                    0
                  ],
                  "uv_size": [
                    6,
                    24
                  ]
                },
                "up": {
                  "uv": [
                    133,
                    36
                  ],
                  "uv_size": [
                    6,
                    6
                  ]
                },
                "down": {
                  "uv": [
                    133,
                    48
                  ],
                  "uv_size": [
                    6,
                    -6
                  ]
                }
              }
            }
          ]
        },
        {
          "name": "bone16",
          "parent": "bone11",
          "pivot": [
            -14,
            7,
            2
          ],
          "cubes": [
            {
              "origin": [
                -22,
                -1,
                1.5
              ],
              "size": [
                3,
                8,
                2
              ],
              "pivot": [
                -18,
                -17,
                3.5
              ],
              "rotation": [
                0,
                0,
                10
              ],
              "uv": {
                "north": {
                  "uv": [
                    105,
                    24
                  ],
                  "uv_size": [
                    3,
                    8
                  ]
                },
                "east": {
                  "uv": [
                    120,
                    140
                  ],
                  "uv_size": [
                    2,
                    8
                  ]
                },
                "south": {
                  "uv": [
                    72,
                    122
                  ],
                  "uv_size": [
                    3,
                    8
                  ]
                },
                "west": {
                  "uv": [
                    122,
                    140
                  ],
                  "uv_size": [
                    2,
                    8
                  ]
                },
                "up": {
                  "uv": [
                    122,
                    118
                  ],
                  "uv_size": [
                    3,
                    2
                  ]
                },
                "down": {
                  "uv": [
                    128,
                    116
                  ],
                  "uv_size": [
                    3,
                    -2
                  ]
                }
              }
            },
            {
              "origin": [
                -18,
                -1,
                4.5
              ],
              "size": [
                3,
                8,
                2
              ],
              "uv": {
                "north": {
                  "uv": [
                    6,
                    137
                  ],
                  "uv_size": [
                    3,
                    8
                  ]
                },
                "east": {
                  "uv": [
                    131,
                    141
                  ],
                  "uv_size": [
                    2,
                    8
                  ]
                },
                "south": {
                  "uv": [
                    138,
                    91
                  ],
                  "uv_size": [
                    3,
                    8
                  ]
                },
                "west": {
                  "uv": [
                    133,
                    141
                  ],
                  "uv_size": [
                    2,
                    8
                  ]
                },
                "up": {
                  "uv": [
                    114,
                    143
                  ],
                  "uv_size": [
                    3,
                    2
                  ]
                },
                "down": {
                  "uv": [
                    143,
                    117
                  ],
                  "uv_size": [
                    3,
                    -2
                  ]
                }
              }
            },
            {
              "origin": [
                -10.5,
                -7,
                4.5
              ],
              "size": [
                2,
                8,
                2
              ],
              "pivot": [
                -7.5,
                -23,
                6.5
              ],
              "rotation": [
                0,
                0,
                -17.5
              ],
              "uv": {
                "north": {
                  "uv": [
                    139,
                    141
                  ],
                  "uv_size": [
                    2,
                    8
                  ]
                },
                "east": {
                  "uv": [
                    141,
                    141
                  ],
                  "uv_size": [
                    2,
                    8
                  ]
                },
                "south": {
                  "uv": [
                    142,
                    0
                  ],
                  "uv_size": [
                    2,
                    8
                  ]
                },
                "west": {
                  "uv": [
                    142,
                    30
                  ],
                  "uv_size": [
                    2,
                    8
                  ]
                },
                "up": {
                  "uv": [
                    56,
                    34
                  ],
                  "uv_size": [
                    2,
                    2
                  ]
                },
                "down": {
                  "uv": [
                    97,
                    128
                  ],
                  "uv_size": [
                    2,
                    -2
                  ]
                }
              }
            },
            {
              "origin": [
                -19,
                -9,
                1.5
              ],
              "size": [
                2,
                8,
                2
              ],
              "pivot": [
                -16,
                -25,
                3.5
              ],
              "rotation": [
                0,
                0,
                2.5
              ],
              "uv": {
                "north": {
                  "uv": [
                    23,
                    143
                  ],
                  "uv_size": [
                    2,
                    8
                  ]
                },
                "east": {
                  "uv": [
                    143,
                    50
                  ],
                  "uv_size": [
                    2,
                    8
                  ]
                },
                "south": {
                  "uv": [
                    65,
                    143
                  ],
                  "uv_size": [
                    2,
                    8
                  ]
                },
                "west": {
                  "uv": [
                    67,
                    143
                  ],
                  "uv_size": [
                    2,
                    8
                  ]
                },
                "up": {
                  "uv": [
                    144,
                    4
                  ],
                  "uv_size": [
                    2,
                    2
                  ]
                },
                "down": {
                  "uv": [
                    144,
                    8
                  ],
                  "uv_size": [
                    2,
                    -2
                  ]
                }
              }
            }
          ]
        },
        {
          "name": "bone20",
          "parent": "bone16",
          "pivot": [
            -15,
            7,
            0.5
          ],
          "cubes": [
            {
              "origin": [
                -16,
                -9,
                -1.5
              ],
              "size": [
                2,
                8,
                2
              ],
              "pivot": [
                -13,
                -25,
                0.5
              ],
              "rotation": [
                0,
                0,
                -2.5
              ],
              "uv": {
                "north": {
                  "uv": [
                    101,
                    143
                  ],
                  "uv_size": [
                    2,
                    8
                  ]
                },
                "east": {
                  "uv": [
                    103,
                    143
                  ],
                  "uv_size": [
                    2,
                    8
                  ]
                },
                "south": {
                  "uv": [
                    105,
                    143
                  ],
                  "uv_size": [
                    2,
                    8
                  ]
                },
                "west": {
                  "uv": [
                    107,
                    143
                  ],
                  "uv_size": [
                    2,
                    8
                  ]
                },
                "up": {
                  "uv": [
                    16,
                    144
                  ],
                  "uv_size": [
                    2,
                    2
                  ]
                },
                "down": {
                  "uv": [
                    18,
                    146
                  ],
                  "uv_size": [
                    2,
                    -2
                  ]
                }
              }
            },
            {
              "origin": [
                -19,
                -1,
                -1.5
              ],
              "size": [
                3,
                8,
                2
              ],
              "pivot": [
                -15,
                -17,
                0.5
              ],
              "rotation": [
                0,
                0,
                5
              ],
              "uv": {
                "north": {
                  "uv": [
                    31,
                    139
                  ],
                  "uv_size": [
                    3,
                    8
                  ]
                },
                "east": {
                  "uv": [
                    143,
                    107
                  ],
                  "uv_size": [
                    2,
                    8
                  ]
                },
                "south": {
                  "uv": [
                    139,
                    38
                  ],
                  "uv_size": [
                    3,
                    8
                  ]
                },
                "west": {
                  "uv": [
                    109,
                    143
                  ],
                  "uv_size": [
                    2,
                    8
                  ]
                },
                "up": {
                  "uv": [
                    143,
                    130
                  ],
                  "uv_size": [
                    3,
                    2
                  ]
                },
                "down": {
                  "uv": [
                    143,
                    134
                  ],
                  "uv_size": [
                    3,
                    -2
                  ]
                }
              }
            }
          ]
        },
        {
          "name": "bone19",
          "parent": "bone11",
          "pivot": [
            -13,
            7.25,
            -2.25
          ],
          "cubes": [
            {
              "origin": [
                -14,
                0,
                -8.5
              ],
              "size": [
                3,
                8,
                2
              ],
              "pivot": [
                -10,
                -16,
                -6.5
              ],
              "rotation": [
                -12.5,
                0,
                0
              ],
              "uv": {
                "north": {
                  "uv": [
                    128,
                    138
                  ],
                  "uv_size": [
                    3,
                    8
                  ]
                },
                "east": {
                  "uv": [
                    43,
                    142
                  ],
                  "uv_size": [
                    2,
                    8
                  ]
                },
                "south": {
                  "uv": [
                    139,
                    0
                  ],
                  "uv_size": [
                    3,
                    8
                  ]
                },
                "west": {
                  "uv": [
                    45,
                    142
                  ],
                  "uv_size": [
                    2,
                    8
                  ]
                },
                "up": {
                  "uv": [
                    143,
                    119
                  ],
                  "uv_size": [
                    3,
                    2
                  ]
                },
                "down": {
                  "uv": [
                    143,
                    123
                  ],
                  "uv_size": [
                    3,
                    -2
                  ]
                }
              }
            },
            {
              "origin": [
                -13,
                -7.75,
                -7.25
              ],
              "size": [
                2,
                8,
                2
              ],
              "pivot": [
                -10,
                -23.75,
                -5.25
              ],
              "rotation": [
                -5,
                0,
                0
              ],
              "uv": {
                "north": {
                  "uv": [
                    55,
                    142
                  ],
                  "uv_size": [
                    2,
                    8
                  ]
                },
                "east": {
                  "uv": [
                    57,
                    142
                  ],
                  "uv_size": [
                    2,
                    8
                  ]
                },
                "south": {
                  "uv": [
                    59,
                    142
                  ],
                  "uv_size": [
                    2,
                    8
                  ]
                },
                "west": {
                  "uv": [
                    61,
                    142
                  ],
                  "uv_size": [
                    2,
                    8
                  ]
                },
                "up": {
                  "uv": [
                    144,
                    0
                  ],
                  "uv_size": [
                    2,
                    2
                  ]
                },
                "down": {
                  "uv": [
                    2,
                    146
                  ],
                  "uv_size": [
                    2,
                    -2
                  ]
                }
              }
            }
          ]
        },
        {
          "name": "bone7",
          "parent": "bone14",
          "pivot": [
            2,
            78,
            5.5
          ],
          "cubes": [
            {
              "origin": [
                -3,
                78,
                -0.5
              ],
              "size": [
                6,
                16,
                6
              ],
              "uv": {
                "north": {
                  "uv": [
                    66,
                    122
                  ],
                  "uv_size": [
                    6,
                    16
                  ]
                },
                "east": {
                  "uv": [
                    122,
                    84
                  ],
                  "uv_size": [
                    6,
                    16
                  ]
                },
                "south": {
                  "uv": [
                    122,
                    100
                  ],
                  "uv_size": [
                    6,
                    16
                  ]
                },
                "west": {
                  "uv": [
                    123,
                    0
                  ],
                  "uv_size": [
                    6,
                    16
                  ]
                },
                "up": {
                  "uv": [
                    131,
                    128
                  ],
                  "uv_size": [
                    6,
                    6
                  ]
                },
                "down": {
                  "uv": [
                    132,
                    18
                  ],
                  "uv_size": [
                    6,
                    -6
                  ]
                }
              }
            },
            {
              "origin": [
                -3,
                94,
                -0.5
              ],
              "size": [
                6,
                6,
                3
              ],
              "uv": {
                "north": {
                  "uv": [
                    133,
                    48
                  ],
                  "uv_size": [
                    6,
                    6
                  ]
                },
                "east": {
                  "uv": [
                    140,
                    107
                  ],
                  "uv_size": [
                    3,
                    6
                  ]
                },
                "south": {
                  "uv": [
                    133,
                    54
                  ],
                  "uv_size": [
                    6,
                    6
                  ]
                },
                "west": {
                  "uv": [
                    111,
                    140
                  ],
                  "uv_size": [
                    3,
                    6
                  ]
                },
                "up": {
                  "uv": [
                    114,
                    140
                  ],
                  "uv_size": [
                    6,
                    3
                  ]
                },
                "down": {
                  "uv": [
                    141,
                    67
                  ],
                  "uv_size": [
                    6,
                    -3
                  ]
                }
              }
            },
            {
              "origin": [
                -2.75,
                101.5,
                2.5
              ],
              "size": [
                5.5,
                6.5,
                3
              ],
              "pivot": [
                2,
                92,
                8.5
              ],
              "rotation": [
                20,
                0,
                0
              ],
              "uv": {
                "north": {
                  "uv": [
                    131,
                    134
                  ],
                  "uv_size": [
                    5.5,
                    6.5
                  ]
                },
                "east": {
                  "uv": [
                    139,
                    50
                  ],
                  "uv_size": [
                    3,
                    6.5
                  ]
                },
                "south": {
                  "uv": [
                    0,
                    137
                  ],
                  "uv_size": [
                    5.5,
                    6.5
                  ]
                },
                "west": {
                  "uv": [
                    34,
                    140
                  ],
                  "uv_size": [
                    3,
                    6.5
                  ]
                },
                "up": {
                  "uv": [
                    141,
                    67
                  ],
                  "uv_size": [
                    5.5,
                    3
                  ]
                },
                "down": {
                  "uv": [
                    141,
                    73
                  ],
                  "uv_size": [
                    5.5,
                    -3
                  ]
                }
              }
            },
            {
              "origin": [
                -2.75,
                95.5,
                5.5
              ],
              "size": [
                5.5,
                6.5,
                3
              ],
              "pivot": [
                2,
                86,
                11.5
              ],
              "rotation": [
                20,
                0,
                0
              ],
              "uv": {
                "north": {
                  "uv": [
                    72,
                    137
                  ],
                  "uv_size": [
                    5.5,
                    6.5
                  ]
                },
                "east": {
                  "uv": [
                    140,
                    57
                  ],
                  "uv_size": [
                    3,
                    6.5
                  ]
                },
                "south": {
                  "uv": [
                    137,
                    128
                  ],
                  "uv_size": [
                    5.5,
                    6.5
                  ]
                },
                "west": {
                  "uv": [
                    86,
                    140
                  ],
                  "uv_size": [
                    3,
                    6.5
                  ]
                },
                "up": {
                  "uv": [
                    141,
                    73
                  ],
                  "uv_size": [
                    5.5,
                    3
                  ]
                },
                "down": {
                  "uv": [
                    141,
                    79
                  ],
                  "uv_size": [
                    5.5,
                    -3
                  ]
                }
              }
            }
          ]
        },
        {
          "name": "bone2",
          "parent": "bone7",
          "pivot": [
            0,
            96,
            0
          ],
          "cubes": [
            {
              "origin": [
                -6,
                96,
                -12
              ],
              "size": [
                12,
                10,
                12
              ],
              "uv": [
                0,
                0
              ]
            },
            {
              "origin": [
                6,
                96,
                -7
              ],
              "size": [
                5,
                2,
                0
              ],
              "pivot": [
                5,
                96,
                -6
              ],
              "rotation": [
                0,
                90,
                180
              ],
              "uv": {
                "north": {
                  "uv": [
                    47,
                    95
                  ],
                  "uv_size": [
                    5,
                    2
                  ]
                },
                "east": {
                  "uv": [
                    0,
                    0
                  ],
                  "uv_size": [
                    0,
                    2
                  ]
                },
                "south": {
                  "uv": [
                    143,
                    58
                  ],
                  "uv_size": [
                    5,
                    2
                  ]
                },
                "west": {
                  "uv": [
                    0,
                    0
                  ],
                  "uv_size": [
                    0,
                    2
                  ]
                },
                "up": {
                  "uv": [
                    0,
                    0
                  ],
                  "uv_size": [
                    5,
                    0
                  ]
                },
                "down": {
                  "uv": [
                    0,
                    0
                  ],
                  "uv_size": [
                    5,
                    0
                  ]
                }
              }
            },
            {
              "origin": [
                -11,
                96,
                -7
              ],
              "size": [
                5,
                2,
                0
              ],
              "pivot": [
                -5,
                96,
                -6
              ],
              "rotation": [
                0,
                -90,
                -180
              ],
              "uv": {
                "north": {
                  "uv": [
                    143,
                    60
                  ],
                  "uv_size": [
                    5,
                    2
                  ]
                },
                "east": {
                  "uv": [
                    0,
                    0
                  ],
                  "uv_size": [
                    0,
                    2
                  ]
                },
                "south": {
                  "uv": [
                    143,
                    62
                  ],
                  "uv_size": [
                    5,
                    2
                  ]
                },
                "west": {
                  "uv": [
                    0,
                    0
                  ],
                  "uv_size": [
                    0,
                    2
                  ]
                },
                "up": {
                  "uv": [
                    0,
                    0
                  ],
                  "uv_size": [
                    5,
                    0
                  ]
                },
                "down": {
                  "uv": [
                    0,
                    0
                  ],
                  "uv_size": [
                    5,
                    0
                  ]
                }
              }
            },
            {
              "origin": [
                -6,
                96,
                -12
              ],
              "size": [
                12,
                2,
                0
              ],
              "pivot": [
                0,
                96,
                -11
              ],
              "rotation": [
                0,
                0,
                180
              ],
              "uv": {
                "north": {
                  "uv": [
                    138,
                    28
                  ],
                  "uv_size": [
                    12,
                    2
                  ]
                },
                "east": {
                  "uv": [
                    0,
                    0
                  ],
                  "uv_size": [
                    0,
                    2
                  ]
                },
                "south": {
                  "uv": [
                    138,
                    89
                  ],
                  "uv_size": [
                    12,
                    2
                  ]
                },
                "west": {
                  "uv": [
                    0,
                    0
                  ],
                  "uv_size": [
                    0,
                    2
                  ]
                },
                "up": {
                  "uv": [
                    0,
                    0
                  ],
                  "uv_size": [
                    12,
                    0
                  ]
                },
                "down": {
                  "uv": [
                    0,
                    0
                  ],
                  "uv_size": [
                    12,
                    0
                  ]
                }
              }
            }
          ]
        },
        {
          "name": "bone",
          "parent": "bone2",
          "pivot": [
            0,
            96,
            0
          ],
          "rotation": [
            27.31584,
            1.43759,
            0.91292
          ],
          "cubes": [
            {
              "origin": [
                -6,
                96,
                -13
              ],
              "size": [
                12,
                2,
                0
              ],
              "uv": {
                "north": {
                  "uv": [
                    132,
                    102
                  ],
                  "uv_size": [
                    12,
                    2
                  ]
                },
                "east": {
                  "uv": [
                    0,
                    0
                  ],
                  "uv_size": [
                    0,
                    2
                  ]
                },
                "south": {
                  "uv": [
                    138,
                    26
                  ],
                  "uv_size": [
                    12,
                    2
                  ]
                },
                "west": {
                  "uv": [
                    0,
                    0
                  ],
                  "uv_size": [
                    0,
                    2
                  ]
                },
                "up": {
                  "uv": [
                    0,
                    0
                  ],
                  "uv_size": [
                    12,
                    0
                  ]
                },
                "down": {
                  "uv": [
                    0,
                    0
                  ],
                  "uv_size": [
                    12,
                    0
                  ]
                }
              }
            },
            {
              "origin": [
                -1,
                96,
                -8
              ],
              "size": [
                5,
                2,
                0
              ],
              "pivot": [
                5,
                96,
                -7
              ],
              "rotation": [
                0,
                -90,
                0
              ],
              "uv": [
                48,
                26
              ]
            },
            {
              "origin": [
                -4,
                96,
                -8
              ],
              "size": [
                5,
                2,
                0
              ],
              "pivot": [
                -5,
                96,
                -7
              ],
              "rotation": [
                0,
                90,
                0
              ],
              "uv": [
                48,
                24
              ]
            },
            {
              "origin": [
                -6,
                94,
                -13
              ],
              "size": [
                12,
                2,
                12
              ],
              "uv": [
                0,
                22
              ]
            }
          ]
        },
        {
          "name": "bone6",
          "parent": "bone15",
          "pivot": [
            -5,
            43,
            2
          ],
          "cubes": [
            {
              "origin": [
                -7,
                23,
                0
              ],
              "size": [
                5,
                20,
                5
              ],
              "uv": {
                "north": {
                  "uv": [
                    122,
                    44
                  ],
                  "uv_size": [
                    5,
                    20
                  ]
                },
                "east": {
                  "uv": [
                    46,
                    122
                  ],
                  "uv_size": [
                    5,
                    20
                  ]
                },
                "south": {
                  "uv": [
                    51,
                    122
                  ],
                  "uv_size": [
                    5,
                    20
                  ]
                },
                "west": {
                  "uv": [
                    56,
                    122
                  ],
                  "uv_size": [
                    5,
                    20
                  ]
                },
                "up": {
                  "uv": [
                    81,
                    138
                  ],
                  "uv_size": [
                    5,
                    5
                  ]
                },
                "down": {
                  "uv": [
                    138,
                    89
                  ],
                  "uv_size": [
                    5,
                    -5
                  ]
                }
              }
            }
          ]
        },
        {
          "name": "bone12",
          "parent": "bone6",
          "pivot": [
            -5,
            23,
            2
          ],
          "cubes": [
            {
              "origin": [
                -7,
                0,
                -1
              ],
              "size": [
                5,
                3,
                6
              ],
              "uv": {
                "north": {
                  "uv": [
                    142,
                    135
                  ],
                  "uv_size": [
                    5,
                    3
                  ]
                },
                "east": {
                  "uv": [
                    138,
                    99
                  ],
                  "uv_size": [
                    6,
                    3
                  ]
                },
                "south": {
                  "uv": [
                    142,
                    138
                  ],
                  "uv_size": [
                    5,
                    3
                  ]
                },
                "west": {
                  "uv": [
                    99,
                    140
                  ],
                  "uv_size": [
                    6,
                    3
                  ]
                },
                "up": {
                  "uv": [
                    99,
                    134
                  ],
                  "uv_size": [
                    5,
                    6
                  ]
                },
                "down": {
                  "uv": [
                    137,
                    141
                  ],
                  "uv_size": [
                    5,
                    -6
                  ]
                }
              }
            },
            {
              "origin": [
                -7,
                3,
                1
              ],
              "size": [
                5,
                20,
                4
              ],
              "uv": {
                "north": {
                  "uv": [
                    61,
                    122
                  ],
                  "uv_size": [
                    5,
                    20
                  ]
                },
                "east": {
                  "uv": [
                    91,
                    128
                  ],
                  "uv_size": [
                    4,
                    20
                  ]
                },
                "south": {
                  "uv": [
                    122,
                    64
                  ],
                  "uv_size": [
                    5,
                    20
                  ]
                },
                "west": {
                  "uv": [
                    95,
                    128
                  ],
                  "uv_size": [
                    4,
                    20
                  ]
                },
                "up": {
                  "uv": [
                    139,
                    8
                  ],
                  "uv_size": [
                    5,
                    4
                  ]
                },
                "down": {
                  "uv": [
                    139,
                    50
                  ],
                  "uv_size": [
                    5,
                    -4
                  ]
                }
              }
            }
          ]
        }
      ]
    }
  ]
}