{
  "format_version": "1.12.0",
  "minecraft:geometry": [
    {
      "description": {
        "identifier": "geometry.imitators_grinning_chase",
        "texture_width": 64,
        "texture_height": 64,
        "visible_bounds_width": 8,
        "visible_bounds_height": 10,
        "visible_bounds_offset": [
          0,
          -1,
          0
        ]
      },
      "bones": [
        {
          "name": "bone5",
          "pivot": [
            0,
            12,
            0
          ],
          "cubes": [
            {
              "origin": [
                -4,
                12,
                -2
              ],
              "size": [
                8,
                12,
                4
              ],
              "uv": [
                0,
                16
              ]
            }
          ]
        },
        {
          "name": "bone6",
          "parent": "bone5",
          "pivot": [
            0,
            24,
            0
          ],
          "cubes": [
            {
              "origin": [
                -2,
                24,
                -2
              ],
              "size": [
                4,
                12,
                4
              ],
              "uv": [
                48,
                0
              ]
            }
          ]
        },
        {
          "name": "bone2",
          "parent": "bone5",
          "pivot": [
            -6,
            22,
            0
          ],
          "cubes": [
            {
              "origin": [
                -8,
                12,
                -2
              ],
              "size": [
                4,
                12,
                4
              ],
              "uv": [
                32,
                0
              ]
            }
          ]
        },
        {
          "name": "bone9",
          "parent": "bone2",
          "pivot": [
            -6,
            12,
            0
          ],
          "cubes": [
            {
              "origin": [
                -8,
                0,
                -2
              ],
              "size": [
                4,
                12,
                4
              ],
              "uv": [
                32,
                32
              ],
              "mirror": true
            }
          ]
        },
        {
          "name": "bone",
          "parent": "bone5",
          "pivot": [
            6,
            22,
            0
          ],
          "cubes": [
            {
              "origin": [
                4,
                12,
                -2
              ],
              "size": [
                4,
                12,
                4
              ],
              "uv": [
                16,
                32
              ]
            }
          ]
        },
        {
          "name": "bone10",
          "parent": "bone",
          "pivot": [
            6,
            12,
            0
          ],
          "cubes": [
            {
              "origin": [
                4,
                0,
                -2
              ],
              "size": [
                4,
                12,
                4
              ],
              "uv": [
                32,
                32
              ]
            }
          ]
        },
        {
          "name": "bone3",
          "parent": "bone5",
          "pivot": [
            2,
            12,
            0
          ],
          "cubes": [
            {
              "origin": [
                0,
                0,
                -2
              ],
              "size": [
                4,
                12,
                4
              ],
              "uv": [
                40,
                16
              ],
              "mirror": true
            }
          ]
        },
        {
          "name": "bone11",
          "parent": "bone3",
          "pivot": [
            2,
            0,
            0
          ],
          "cubes": [
            {
              "origin": [
                0,
                -12,
                -2
              ],
              "size": [
                4,
                12,
                4
              ],
              "uv": [
                0,
                32
              ]
            }
          ]
        },
        {
          "name": "bone4",
          "parent": "bone5",
          "pivot": [
            -2,
            12,
            0
          ],
          "cubes": [
            {
              "origin": [
                -4,
                0,
                -2
              ],
              "size": [
                4,
                12,
                4
              ],
              "uv": [
                40,
                16
              ]
            }
          ]
        },
        {
          "name": "bone12",
          "parent": "bone4",
          "pivot": [
            -2,
            0,
            0
          ],
          "cubes": [
            {
              "origin": [
                -4,
                -12,
                -2
              ],
              "size": [
                4,
                12,
                4
              ],
              "uv": [
                24,
                16
              ]
            }
          ]
        },
        {
          "name": "bone7",
          "parent": "bone5",
          "pivot": [
            0,
            36,
            0
          ],
          "cubes": [
            {
              "origin": [
                -4,
                39,
                -4
              ],
              "size": [
                8,
                5,
                8
              ],
              "uv": [
                0,
                0
              ]
            }
          ]
        },
        {
          "name": "bone8",
          "parent": "bone7",
          "pivot": [
            0,
            39,
            0
          ],
          "cubes": [
            {
              "origin": [
                -4,
                36,
                -4
              ],
              "size": [
                8,
                3,
                8
              ],
              "uv": {
                "north": {
                  "uv": [
                    16,
                    13
                  ],
                  "uv_size": [
                    -8,
                    3
                  ]
                },
                "east": {
                  "uv": [
                    24,
                    13
                  ],
                  "uv_size": [
                    -8,
                    3
                  ]
                },
                "south": {
                  "uv": [
                    32,
                    13
                  ],
                  "uv_size": [
                    -8,
                    3
                  ]
                },
                "west": {
                  "uv": [
                    8,
                    13
                  ],
                  "uv_size": [
                    -8,
                    3
                  ]
                },
                "up": {
                  "uv": [
                    16,
                    0
                  ],
                  "uv_size": [
                    -8,
                    8
                  ]
                },
                "down": {
                  "uv": [
                    24,
                    8
                  ],
                  "uv_size": [
                    -8,
                    -8
                  ]
                }
              }
            }
          ]
        }
      ]
    }
  ]
}