{
  "format_version": "1.12.0",
  "minecraft:geometry": [
    {
      "description": {
        "identifier": "geometry.imitators_split2",
        "texture_width": 128,
        "texture_height": 128,
        "visible_bounds_width": 6,
        "visible_bounds_height": 4.5,
        "visible_bounds_offset": [
          0,
          1.75,
          0
        ]
      },
      "bones": [
        {
          "name": "bone18",
          "pivot": [
            0,
            1,
            0
          ]
        },
        {
          "name": "bone4",
          "parent": "bone18",
          "pivot": [
            -2,
            24,
            -1
          ],
          "cubes": [
            {
              "origin": [
                -4,
                12,
                3
              ],
              "size": [
                4,
                12,
                3
              ],
              "pivot": [
                0,
                4,
                4
              ],
              "rotation": [
                12.5,
                0,
                0
              ],
              "uv": [
                16,
                48
              ],
              "mirror": true
            }
          ]
        },
        {
          "name": "bone11",
          "parent": "bone4",
          "pivot": [
            -2,
            11.5,
            2.75
          ],
          "cubes": [
            {
              "origin": [
                -4,
                2,
                0
              ],
              "size": [
                4,
                10,
                3
              ],
              "pivot": [
                -3,
                8,
                1
              ],
              "rotation": [
                -20,
                0,
                0
              ],
              "uv": [
                56,
                0
              ],
              "mirror": true
            }
          ]
        },
        {
          "name": "bone13",
          "parent": "bone11",
          "pivot": [
            -2,
            1,
            0
          ],
          "cubes": [
            {
              "origin": [
                -4,
                0,
                -5
              ],
              "size": [
                4,
                2,
                6
              ],
              "uv": [
                52,
                39
              ],
              "mirror": true
            }
          ]
        },
        {
          "name": "bone3",
          "parent": "bone18",
          "pivot": [
            2,
            24,
            -1
          ],
          "cubes": [
            {
              "origin": [
                0,
                12,
                3
              ],
              "size": [
                4,
                12,
                3
              ],
              "pivot": [
                0,
                4,
                4
              ],
              "rotation": [
                12.5,
                0,
                0
              ],
              "uv": [
                16,
                48
              ]
            }
          ]
        },
        {
          "name": "bone10",
          "parent": "bone3",
          "pivot": [
            2,
            11.5,
            2.75
          ],
          "cubes": [
            {
              "origin": [
                0,
                2,
                0
              ],
              "size": [
                4,
                10,
                3
              ],
              "pivot": [
                3,
                8,
                1
              ],
              "rotation": [
                -20,
                0,
                0
              ],
              "uv": [
                56,
                0
              ]
            }
          ]
        },
        {
          "name": "bone12",
          "parent": "bone10",
          "pivot": [
            2,
            1,
            0
          ],
          "cubes": [
            {
              "origin": [
                0,
                0,
                -5
              ],
              "size": [
                4,
                2,
                6
              ],
              "uv": [
                52,
                39
              ]
            }
          ]
        },
        {
          "name": "bone5",
          "parent": "bone18",
          "pivot": [
            0,
            23,
            0
          ],
          "cubes": [
            {
              "origin": [
                -4,
                23,
                -2
              ],
              "size": [
                8,
                15,
                4
              ],
              "uv": [
                0,
                0
              ]
            }
          ]
        },
        {
          "name": "bone2",
          "parent": "bone5",
          "pivot": [
            5,
            36,
            0
          ],
          "cubes": [
            {
              "origin": [
                4,
                18,
                -6
              ],
              "size": [
                4,
                20,
                4
              ],
              "pivot": [
                0,
                3,
                -4
              ],
              "rotation": [
                -7.5,
                0,
                0
              ],
              "uv": [
                24,
                0
              ]
            },
            {
              "origin": [
                4,
                19,
                -5.5
              ],
              "size": [
                3.75,
                19,
                3
              ],
              "pivot": [
                0,
                3,
                -4
              ],
              "rotation": [
                -7.49294,
                0.32621,
                2.47864
              ],
              "uv": [
                40,
                46
              ]
            }
          ]
        },
        {
          "name": "bone8",
          "parent": "bone2",
          "pivot": [
            6,
            18,
            -2
          ],
          "cubes": [
            {
              "origin": [
                4,
                -1.5,
                0.25
              ],
              "size": [
                4,
                20,
                4
              ],
              "pivot": [
                0,
                -16.5,
                2.25
              ],
              "rotation": [
                7.5,
                0,
                0
              ],
              "uv": [
                0,
                35
              ]
            },
            {
              "origin": [
                4,
                -4.5,
                -0.75
              ],
              "size": [
                4,
                3,
                8
              ],
              "pivot": [
                0,
                -36.5,
                4.25
              ],
              "rotation": [
                7.5,
                0,
                0
              ],
              "uv": [
                -4,
                89
              ]
            }
          ]
        },
        {
          "name": "bone",
          "parent": "bone5",
          "pivot": [
            -5,
            36,
            0
          ],
          "cubes": [
            {
              "origin": [
                -7.75,
                19,
                -5.5
              ],
              "size": [
                3.75,
                19,
                3
              ],
              "pivot": [
                0,
                3,
                -4
              ],
              "rotation": [
                -7.49294,
                -0.32621,
                -2.47864
              ],
              "uv": [
                40,
                46
              ],
              "mirror": true
            },
            {
              "origin": [
                -8,
                18,
                -6
              ],
              "size": [
                4,
                20,
                4
              ],
              "pivot": [
                0,
                3,
                -4
              ],
              "rotation": [
                -7.5,
                0,
                0
              ],
              "uv": [
                24,
                0
              ],
              "mirror": true
            }
          ]
        },
        {
          "name": "bone9",
          "parent": "bone",
          "pivot": [
            -6,
            18,
            -2
          ],
          "cubes": [
            {
              "origin": [
                -8,
                -1.5,
                0.25
              ],
              "size": [
                4,
                20,
                4
              ],
              "pivot": [
                0,
                -16.5,
                2.25
              ],
              "rotation": [
                7.5,
                0,
                0
              ],
              "uv": [
                0,
                35
              ],
              "mirror": true
            },
            {
              "origin": [
                -8,
                -4.5,
                -0.75
              ],
              "size": [
                4,
                3,
                8
              ],
              "pivot": [
                0,
                -36.5,
                4.25
              ],
              "rotation": [
                7.5,
                0,
                0
              ],
              "uv": [
                -4,
                89
              ],
              "mirror": true
            }
          ]
        },
        {
          "name": "bone6",
          "parent": "bone5",
          "pivot": [
            0,
            38,
            0
          ],
          "cubes": [
            {
              "origin": [
                -1.5,
                38,
                -1.5
              ],
              "size": [
                3,
                4,
                3
              ],
              "uv": [
                56,
                13
              ]
            },
            {
              "origin": [
                -1.5,
                42,
                -0.5
              ],
              "size": [
                3,
                1,
                2
              ],
              "uv": [
                105,
                3
              ]
            }
          ]
        },
        {
          "name": "bone17",
          "parent": "bone6",
          "pivot": [
            0,
            41,
            0
          ]
        },
        {
          "name": "bone14",
          "parent": "bone17",
          "pivot": [
            0.5,
            42,
            -0.5
          ]
        },
        {
          "name": "bone16",
          "parent": "bone14",
          "pivot": [
            -5,
            46,
            4
          ],
          "cubes": [
            {
              "origin": [
                -5,
                49.75,
                -4
              ],
              "size": [
                2,
                0,
                5
              ],
              "uv": [
                0,
                59
              ]
            },
            {
              "origin": [
                -5,
                42,
                -3.75
              ],
              "size": [
                2,
                8,
                0
              ],
              "uv": [
                30,
                48
              ]
            },
            {
              "origin": [
                -5,
                42.25,
                -4
              ],
              "size": [
                2,
                0,
                5
              ],
              "uv": [
                14,
                63
              ]
            },
            {
              "origin": [
                -9,
                42,
                -4
              ],
              "size": [
                4,
                8,
                8
              ],
              "uv": [
                0,
                19
              ]
            },
            {
              "origin": [
                -5,
                49.75,
                -3
              ],
              "size": [
                2,
                0,
                5
              ],
              "uv": [
                0,
                59
              ]
            },
            {
              "origin": [
                -5,
                42.25,
                -3
              ],
              "size": [
                2,
                0,
                5
              ],
              "uv": [
                14,
                63
              ]
            }
          ]
        },
        {
          "name": "bone15",
          "parent": "bone14",
          "pivot": [
            5,
            46,
            4
          ],
          "cubes": [
            {
              "origin": [
                5,
                42,
                -4
              ],
              "size": [
                4,
                8,
                8
              ],
              "uv": [
                0,
                19
              ],
              "mirror": true
            },
            {
              "origin": [
                3,
                49.75,
                -3
              ],
              "size": [
                2,
                0,
                5
              ],
              "uv": [
                0,
                59
              ],
              "mirror": true
            },
            {
              "origin": [
                3,
                42,
                -3.75
              ],
              "size": [
                2,
                8,
                0
              ],
              "uv": [
                30,
                48
              ],
              "mirror": true
            },
            {
              "origin": [
                3,
                42.25,
                -3
              ],
              "size": [
                2,
                0,
                5
              ],
              "uv": [
                14,
                63
              ],
              "mirror": true
            },
            {
              "origin": [
                3,
                49.75,
                -4
              ],
              "size": [
                2,
                0,
                5
              ],
              "uv": [
                0,
                59
              ],
              "mirror": true
            },
            {
              "origin": [
                3,
                42.25,
                -4
              ],
              "size": [
                2,
                0,
                5
              ],
              "uv": [
                14,
                63
              ],
              "mirror": true
            }
          ]
        },
        {
          "name": "bone7",
          "parent": "bone17",
          "pivot": [
            -0.5,
            42,
            -0.5
          ],
          "cubes": [
            {
              "origin": [
                -5.5,
                43,
                0.5
              ],
              "size": [
                11,
                6,
                1
              ],
              "uv": [
                104,
                0
              ]
            }
          ]
        }
      ]
    }
  ]
}