{
  "format_version": "1.12.0",
  "minecraft:geometry": [
    {
      "description": {
        "identifier": "geometry.imitators_facelesswanderer",
        "texture_width": 128,
        "texture_height": 128,
        "visible_bounds_width": 27,
        "visible_bounds_height": 7,
        "visible_bounds_offset": [
          0,
          2.5,
          0
        ]
      },
      "bones": [
        {
          "name": "fullbody",
          "pivot": [
            0,
            0,
            0
          ]
        },
        {
          "name": "bone6",
          "parent": "fullbody",
          "pivot": [
            2.5,
            25,
            0.5
          ],
          "cubes": [
            {
              "origin": [
                1,
                14,
                -1
              ],
              "size": [
                3,
                11,
                3
              ],
              "uv": [
                70,
                0
              ],
              "mirror": true
            }
          ]
        },
        {
          "name": "bone14",
          "parent": "bone6",
          "pivot": [
            2.5,
            14,
            0.5
          ],
          "cubes": [
            {
              "origin": [
                1,
                -1,
                -5
              ],
              "size": [
                3,
                2,
                7
              ],
              "uv": [
                58,
                36
              ],
              "mirror": true
            },
            {
              "origin": [
                1,
                1,
                -1
              ],
              "size": [
                3,
                13,
                3
              ],
              "uv": [
                64,
                54
              ],
              "mirror": true
            }
          ]
        },
        {
          "name": "bone7",
          "parent": "fullbody",
          "pivot": [
            -2.5,
            25,
            0.5
          ],
          "cubes": [
            {
              "origin": [
                -4,
                14,
                -1
              ],
              "size": [
                3,
                11,
                3
              ],
              "uv": [
                70,
                0
              ]
            }
          ]
        },
        {
          "name": "bone15",
          "parent": "bone7",
          "pivot": [
            -2.5,
            14,
            0.5
          ],
          "cubes": [
            {
              "origin": [
                -4,
                -1,
                -5
              ],
              "size": [
                3,
                2,
                7
              ],
              "uv": [
                58,
                36
              ]
            },
            {
              "origin": [
                -4,
                1,
                -1
              ],
              "size": [
                3,
                13,
                3
              ],
              "uv": [
                64,
                54
              ]
            }
          ]
        },
        {
          "name": "bone",
          "parent": "fullbody",
          "pivot": [
            0,
            25,
            0
          ],
          "cubes": [
            {
              "origin": [
                -3,
                28.8718,
                -0.79811
              ],
              "size": [
                6,
                0,
                1
              ],
              "pivot": [
                0,
                27.8718,
                -0.79811
              ],
              "rotation": [
                5,
                0,
                0
              ],
              "uv": [
                70,
                33
              ]
            },
            {
              "origin": [
                -0.7,
                29.8718,
                -1.79811
              ],
              "size": [
                5,
                12,
                4
              ],
              "pivot": [
                1.3,
                27.8718,
                -0.79811
              ],
              "rotation": [
                -0.9226,
                -19.96033,
                5.23939
              ],
              "uv": [
                12,
                49
              ]
            },
            {
              "origin": [
                -4.3,
                29.8718,
                -1.79811
              ],
              "size": [
                5,
                12,
                4
              ],
              "pivot": [
                -1.3,
                27.8718,
                -0.79811
              ],
              "rotation": [
                -0.9226,
                19.96033,
                -5.23939
              ],
              "uv": [
                12,
                49
              ],
              "mirror": true
            },
            {
              "origin": [
                -3,
                24.8718,
                -0.79811
              ],
              "size": [
                6,
                2,
                3
              ],
              "uv": [
                70,
                14
              ]
            },
            {
              "origin": [
                -1,
                33.8718,
                -1.29811
              ],
              "size": [
                3,
                8,
                1
              ],
              "uv": [
                64,
                70
              ]
            },
            {
              "origin": [
                -2,
                33.8718,
                -1.29811
              ],
              "size": [
                3,
                8,
                1
              ],
              "uv": [
                64,
                70
              ],
              "mirror": true
            },
            {
              "origin": [
                -4,
                26.8718,
                -0.79811
              ],
              "size": [
                8,
                15,
                3
              ],
              "uv": [
                0,
                24
              ]
            }
          ]
        },
        {
          "name": "bone2",
          "parent": "bone",
          "pivot": [
            0,
            41.8718,
            -0.29811
          ],
          "cubes": [
            {
              "origin": [
                -1.5,
                41.8718,
                -1.79811
              ],
              "size": [
                3,
                15,
                3
              ],
              "uv": [
                58,
                0
              ]
            }
          ]
        },
        {
          "name": "bone3",
          "parent": "bone2",
          "pivot": [
            0,
            56.8718,
            -0.29811
          ],
          "cubes": [
            {
              "origin": [
                -1,
                71.8718,
                -0.29811
              ],
              "size": [
                2,
                8,
                2
              ],
              "pivot": [
                -1,
                68.8718,
                1.70189
              ],
              "rotation": [
                12.5,
                0,
                0
              ],
              "uv": [
                71,
                19
              ]
            },
            {
              "origin": [
                -1.5,
                56.8718,
                -1.79811
              ],
              "size": [
                3,
                15,
                3
              ],
              "uv": [
                58,
                18
              ]
            }
          ]
        },
        {
          "name": "bone4",
          "parent": "bone3",
          "pivot": [
            0,
            74.8718,
            -1.79811
          ],
          "cubes": [
            {
              "origin": [
                -4,
                72.8718,
                -7.79811
              ],
              "size": [
                8,
                7,
                8
              ],
              "uv": [
                0,
                0
              ]
            },
            {
              "origin": [
                -4,
                70.8718,
                -7.79811
              ],
              "size": [
                8,
                2,
                0
              ],
              "pivot": [
                0,
                71.8718,
                -5.79811
              ],
              "rotation": [
                -5.00474,
                2.49048,
                -0.21803
              ],
              "uv": [
                70,
                31
              ]
            },
            {
              "origin": [
                -4,
                70.8718,
                -7.79811
              ],
              "size": [
                0,
                2,
                4
              ],
              "uv": [
                12,
                42
              ]
            },
            {
              "origin": [
                4,
                70.8718,
                -7.79811
              ],
              "size": [
                0,
                2,
                4
              ],
              "uv": [
                12,
                42
              ],
              "mirror": true
            },
            {
              "origin": [
                -4,
                70.8718,
                -7.79811
              ],
              "size": [
                8,
                2,
                0
              ],
              "uv": [
                70,
                31
              ]
            },
            {
              "origin": [
                -4,
                70.8718,
                -7.79811
              ],
              "size": [
                8,
                2,
                0
              ],
              "pivot": [
                0,
                71.8718,
                -5.79811
              ],
              "rotation": [
                -5.00474,
                -2.49048,
                0.21803
              ],
              "uv": [
                70,
                31
              ],
              "mirror": true
            }
          ]
        },
        {
          "name": "bone5",
          "parent": "bone4",
          "pivot": [
            0,
            68.8718,
            -1.79811
          ],
          "cubes": [
            {
              "origin": [
                -4,
                67.8718,
                -7.79811
              ],
              "size": [
                8,
                1,
                8
              ],
              "uv": [
                0,
                15
              ]
            },
            {
              "origin": [
                -4,
                68.8718,
                -7.79811
              ],
              "size": [
                8,
                2,
                0
              ],
              "uv": [
                70,
                29
              ]
            },
            {
              "origin": [
                4,
                68.8718,
                -7.79811
              ],
              "size": [
                0,
                2,
                4
              ],
              "uv": [
                46,
                74
              ]
            },
            {
              "origin": [
                -4,
                68.8718,
                -7.79811
              ],
              "size": [
                0,
                2,
                4
              ],
              "uv": [
                46,
                74
              ],
              "mirror": true
            },
            {
              "origin": [
                -4,
                68.8718,
                -7.79811
              ],
              "size": [
                8,
                2,
                0
              ],
              "pivot": [
                0,
                69.8718,
                -5.79811
              ],
              "rotation": [
                5.019,
                -4.98093,
                -0.43688
              ],
              "uv": [
                70,
                29
              ]
            },
            {
              "origin": [
                -4,
                68.8718,
                -7.79811
              ],
              "size": [
                8,
                2,
                0
              ],
              "pivot": [
                0,
                69.8718,
                -5.79811
              ],
              "rotation": [
                5.019,
                4.98093,
                0.43688
              ],
              "uv": [
                70,
                29
              ],
              "mirror": true
            }
          ]
        },
        {
          "name": "bone8",
          "parent": "bone",
          "pivot": [
            7.13086,
            40.04132,
            0.70189
          ],
          "cubes": [
            {
              "origin": [
                6,
                19.8718,
                -0.79811
              ],
              "size": [
                3,
                22,
                3
              ],
              "uv": [
                22,
                24
              ]
            },
            {
              "origin": [
                5,
                19.8718,
                -0.29811
              ],
              "size": [
                2,
                22,
                2
              ],
              "pivot": [
                6,
                39.8718,
                -1.29811
              ],
              "rotation": [
                0,
                0,
                -2.5
              ],
              "uv": [
                56,
                50
              ]
            },
            {
              "origin": [
                6.5,
                18.8718,
                -0.29811
              ],
              "size": [
                2,
                1,
                2
              ],
              "uv": [
                76,
                63
              ]
            }
          ]
        },
        {
          "name": "bone10",
          "parent": "bone8",
          "pivot": [
            7.5,
            18.8718,
            0.70189
          ],
          "cubes": [
            {
              "origin": [
                6,
                -3.1282,
                -0.79811
              ],
              "size": [
                3,
                22,
                3
              ],
              "uv": [
                34,
                0
              ]
            },
            {
              "origin": [
                6.5,
                -4.1282,
                -0.29811
              ],
              "size": [
                2,
                1,
                2
              ],
              "uv": [
                76,
                66
              ]
            }
          ]
        },
        {
          "name": "bone11",
          "parent": "bone10",
          "pivot": [
            7.5,
            -4.1282,
            0.70189
          ],
          "cubes": [
            {
              "origin": [
                6,
                -26.1282,
                -0.79811
              ],
              "size": [
                3,
                22,
                3
              ],
              "uv": [
                0,
                42
              ]
            },
            {
              "origin": [
                8,
                -48.1282,
                -0.79811
              ],
              "size": [
                1,
                22,
                1
              ],
              "uv": [
                24,
                65
              ]
            },
            {
              "origin": [
                8,
                -48.1282,
                1.20189
              ],
              "size": [
                1,
                22,
                1
              ],
              "uv": [
                28,
                66
              ]
            },
            {
              "origin": [
                9,
                -70.1282,
                1.20189
              ],
              "size": [
                0,
                22,
                1
              ],
              "uv": [
                40,
                66
              ]
            },
            {
              "origin": [
                9,
                -70.1282,
                -0.79811
              ],
              "size": [
                0,
                22,
                1
              ],
              "uv": [
                42,
                66
              ]
            }
          ]
        },
        {
          "name": "bone9",
          "parent": "bone",
          "pivot": [
            -7.13086,
            40.04132,
            0.70189
          ],
          "cubes": [
            {
              "origin": [
                -7,
                19.8718,
                -0.29811
              ],
              "size": [
                2,
                22,
                2
              ],
              "pivot": [
                -6,
                39.8718,
                -1.29811
              ],
              "rotation": [
                0,
                0,
                2.5
              ],
              "uv": [
                56,
                50
              ],
              "mirror": true
            },
            {
              "origin": [
                -9,
                19.8718,
                -0.79811
              ],
              "size": [
                3,
                22,
                3
              ],
              "uv": [
                22,
                24
              ],
              "mirror": true
            },
            {
              "origin": [
                -8.5,
                18.8718,
                -0.29811
              ],
              "size": [
                2,
                1,
                2
              ],
              "uv": [
                76,
                63
              ],
              "mirror": true
            }
          ]
        },
        {
          "name": "bone12",
          "parent": "bone9",
          "pivot": [
            -7.5,
            18.8718,
            0.70189
          ],
          "cubes": [
            {
              "origin": [
                -8.5,
                -4.1282,
                -0.29811
              ],
              "size": [
                2,
                1,
                2
              ],
              "uv": [
                76,
                66
              ],
              "mirror": true
            },
            {
              "origin": [
                -9,
                -3.1282,
                -0.79811
              ],
              "size": [
                3,
                22,
                3
              ],
              "uv": [
                34,
                0
              ],
              "mirror": true
            }
          ]
        },
        {
          "name": "bone13",
          "parent": "bone12",
          "pivot": [
            -7.5,
            -4.1282,
            0.70189
          ],
          "cubes": [
            {
              "origin": [
                -9,
                -70.1282,
                -0.79811
              ],
              "size": [
                0,
                22,
                1
              ],
              "uv": [
                42,
                66
              ],
              "mirror": true
            },
            {
              "origin": [
                -9,
                -26.1282,
                -0.79811
              ],
              "size": [
                3,
                22,
                3
              ],
              "uv": [
                0,
                42
              ],
              "mirror": true
            },
            {
              "origin": [
                -9,
                -48.1282,
                -0.79811
              ],
              "size": [
                1,
                22,
                1
              ],
              "uv": [
                24,
                65
              ],
              "mirror": true
            },
            {
              "origin": [
                -9,
                -48.1282,
                1.20189
              ],
              "size": [
                1,
                22,
                1
              ],
              "uv": [
                28,
                66
              ],
              "mirror": true
            },
            {
              "origin": [
                -9,
                -70.1282,
                1.20189
              ],
              "size": [
                0,
                22,
                1
              ],
              "uv": [
                40,
                66
              ],
              "mirror": true
            }
          ]
        }
      ]
    }
  ]
}