{
  "format_version": "1.12.0",
  "minecraft:geometry": [
    {
      "description": {
        "identifier": "geometry.imitators_thelegged",
        "texture_width": 512,
        "texture_height": 512,
        "visible_bounds_width": 19,
        "visible_bounds_height": 8.5,
        "visible_bounds_offset": [
          0,
          3.75,
          0
        ]
      },
      "bones": [
        {
          "name": "bone4",
          "pivot": [
            0,
            82,
            81
          ],
          "cubes": [
            {
              "origin": [
                -27,
                71,
                31
              ],
              "size": [
                54,
                9,
                54
              ],
              "uv": [
                0,
                88
              ]
            },
            {
              "origin": [
                -5,
                80,
                31
              ],
              "size": [
                10,
                2,
                54
              ],
              "uv": [
                216,
                88
              ]
            },
            {
              "origin": [
                -1,
                82,
                31
              ],
              "size": [
                2,
                8,
                54
              ],
              "uv": [
                0,
                225
              ]
            },
            {
              "origin": [
                -18,
                71,
                85
              ],
              "size": [
                36,
                9,
                9
              ],
              "uv": [
                264,
                0
              ]
            },
            {
              "origin": [
                -5,
                80,
                85
              ],
              "size": [
                10,
                2,
                9
              ],
              "uv": [
                68,
                287
              ]
            },
            {
              "origin": [
                -1,
                82,
                85
              ],
              "size": [
                2,
                4,
                9
              ],
              "uv": [
                296,
                18
              ]
            }
          ]
        },
        {
          "name": "bone10",
          "parent": "bone4",
          "pivot": [
            30,
            77,
            81
          ],
          "cubes": [
            {
              "origin": [
                58,
                45,
                77
              ],
              "size": [
                8,
                45,
                8
              ],
              "pivot": [
                61,
                45,
                82
              ],
              "rotation": [
                0,
                0,
                -45
              ],
              "uv": [
                266,
                269
              ]
            }
          ]
        },
        {
          "name": "bone15",
          "parent": "bone10",
          "pivot": [
            62,
            45,
            81
          ],
          "cubes": [
            {
              "origin": [
                58,
                0,
                77
              ],
              "size": [
                8,
                45,
                8
              ],
              "uv": [
                234,
                269
              ]
            },
            {
              "origin": [
                55,
                0,
                73
              ],
              "size": [
                2,
                2,
                8
              ],
              "pivot": [
                59,
                0,
                80
              ],
              "rotation": [
                0,
                45,
                0
              ],
              "uv": [
                298,
                277
              ]
            },
            {
              "origin": [
                51.5,
                0,
                70
              ],
              "size": [
                1,
                1,
                8
              ],
              "uv": [
                312,
                162
              ]
            },
            {
              "origin": [
                58.5,
                2.5,
                62
              ],
              "size": [
                1,
                1,
                8
              ],
              "pivot": [
                62.5,
                2.5,
                69
              ],
              "rotation": [
                27.5,
                0,
                0
              ],
              "uv": [
                168,
                312
              ]
            },
            {
              "origin": [
                64.5,
                2.5,
                62
              ],
              "size": [
                1,
                1,
                8
              ],
              "pivot": [
                68.5,
                2.5,
                69
              ],
              "rotation": [
                27.5,
                0,
                0
              ],
              "uv": [
                312,
                171
              ]
            },
            {
              "origin": [
                61.5,
                2.5,
                62
              ],
              "size": [
                1,
                1,
                8
              ],
              "pivot": [
                65.5,
                2.5,
                69
              ],
              "rotation": [
                27.5,
                0,
                0
              ],
              "uv": [
                312,
                180
              ]
            },
            {
              "origin": [
                61,
                0,
                69
              ],
              "size": [
                2,
                2,
                8
              ],
              "pivot": [
                65,
                0,
                76
              ],
              "rotation": [
                -17.5,
                0,
                0
              ],
              "uv": [
                298,
                287
              ]
            },
            {
              "origin": [
                64,
                0,
                69
              ],
              "size": [
                2,
                2,
                8
              ],
              "pivot": [
                62,
                0,
                76
              ],
              "rotation": [
                -17.5,
                0,
                0
              ],
              "uv": [
                298,
                297
              ]
            },
            {
              "origin": [
                58,
                0,
                69
              ],
              "size": [
                2,
                2,
                8
              ],
              "pivot": [
                62,
                0,
                76
              ],
              "rotation": [
                -17.5,
                0,
                0
              ],
              "uv": [
                148,
                304
              ]
            }
          ]
        },
        {
          "name": "bone9",
          "parent": "bone4",
          "pivot": [
            -30,
            77,
            81
          ],
          "cubes": [
            {
              "origin": [
                -66,
                45,
                77
              ],
              "size": [
                8,
                45,
                8
              ],
              "pivot": [
                -61,
                45,
                82
              ],
              "rotation": [
                0,
                0,
                45
              ],
              "uv": [
                266,
                269
              ],
              "mirror": true
            }
          ]
        },
        {
          "name": "bone16",
          "parent": "bone9",
          "pivot": [
            -62,
            45,
            81
          ],
          "cubes": [
            {
              "origin": [
                -66,
                0,
                77
              ],
              "size": [
                8,
                45,
                8
              ],
              "uv": [
                234,
                269
              ],
              "mirror": true
            },
            {
              "origin": [
                -57,
                0,
                73
              ],
              "size": [
                2,
                2,
                8
              ],
              "pivot": [
                -59,
                0,
                80
              ],
              "rotation": [
                0,
                -45,
                0
              ],
              "uv": [
                298,
                277
              ],
              "mirror": true
            },
            {
              "origin": [
                -52.5,
                0,
                70
              ],
              "size": [
                1,
                1,
                8
              ],
              "uv": [
                312,
                162
              ],
              "mirror": true
            },
            {
              "origin": [
                -59.5,
                2.5,
                62
              ],
              "size": [
                1,
                1,
                8
              ],
              "pivot": [
                -62.5,
                2.5,
                69
              ],
              "rotation": [
                27.5,
                0,
                0
              ],
              "uv": [
                168,
                312
              ],
              "mirror": true
            },
            {
              "origin": [
                -65.5,
                2.5,
                62
              ],
              "size": [
                1,
                1,
                8
              ],
              "pivot": [
                -68.5,
                2.5,
                69
              ],
              "rotation": [
                27.5,
                0,
                0
              ],
              "uv": [
                312,
                171
              ],
              "mirror": true
            },
            {
              "origin": [
                -62.5,
                2.5,
                62
              ],
              "size": [
                1,
                1,
                8
              ],
              "pivot": [
                -65.5,
                2.5,
                69
              ],
              "rotation": [
                27.5,
                0,
                0
              ],
              "uv": [
                312,
                180
              ],
              "mirror": true
            },
            {
              "origin": [
                -63,
                0,
                69
              ],
              "size": [
                2,
                2,
                8
              ],
              "pivot": [
                -65,
                0,
                76
              ],
              "rotation": [
                -17.5,
                0,
                0
              ],
              "uv": [
                298,
                287
              ],
              "mirror": true
            },
            {
              "origin": [
                -66,
                0,
                69
              ],
              "size": [
                2,
                2,
                8
              ],
              "pivot": [
                -62,
                0,
                76
              ],
              "rotation": [
                -17.5,
                0,
                0
              ],
              "uv": [
                298,
                297
              ],
              "mirror": true
            },
            {
              "origin": [
                -60,
                0,
                69
              ],
              "size": [
                2,
                2,
                8
              ],
              "pivot": [
                -62,
                0,
                76
              ],
              "rotation": [
                -17.5,
                0,
                0
              ],
              "uv": [
                148,
                304
              ],
              "mirror": true
            }
          ]
        },
        {
          "name": "bone3",
          "parent": "bone4",
          "pivot": [
            0,
            77,
            31
          ],
          "cubes": [
            {
              "origin": [
                -30,
                67,
                -41
              ],
              "size": [
                60,
                16,
                72
              ],
              "uv": [
                0,
                0
              ]
            },
            {
              "origin": [
                2.25,
                58.5,
                -42
              ],
              "size": [
                30,
                11,
                72
              ],
              "pivot": [
                2.25,
                64.5,
                -1
              ],
              "rotation": [
                0,
                0,
                -17.5
              ],
              "uv": [
                30,
                0
              ]
            },
            {
              "origin": [
                -5,
                83,
                -41
              ],
              "size": [
                10,
                2,
                72
              ],
              "uv": [
                0,
                151
              ]
            },
            {
              "origin": [
                -1,
                85,
                -41
              ],
              "size": [
                2,
                8,
                72
              ],
              "uv": [
                164,
                151
              ]
            },
            {
              "origin": [
                -32.25,
                58.5,
                -42
              ],
              "size": [
                30,
                11,
                72
              ],
              "pivot": [
                -2.25,
                64.5,
                -1
              ],
              "rotation": [
                0,
                0,
                17.5
              ],
              "uv": [
                30,
                0
              ],
              "mirror": true
            }
          ]
        },
        {
          "name": "bone6",
          "parent": "bone3",
          "pivot": [
            30,
            77,
            -34
          ],
          "cubes": [
            {
              "origin": [
                58,
                45,
                -38
              ],
              "size": [
                8,
                45,
                8
              ],
              "pivot": [
                61,
                45,
                -33
              ],
              "rotation": [
                0,
                0,
                -45
              ],
              "uv": [
                202,
                269
              ]
            }
          ]
        },
        {
          "name": "bone11",
          "parent": "bone6",
          "pivot": [
            62,
            45,
            -34
          ],
          "cubes": [
            {
              "origin": [
                58,
                0,
                -38
              ],
              "size": [
                8,
                45,
                8
              ],
              "uv": [
                264,
                18
              ]
            },
            {
              "origin": [
                58,
                0,
                -46
              ],
              "size": [
                2,
                2,
                8
              ],
              "pivot": [
                62,
                0,
                -39
              ],
              "rotation": [
                -17.5,
                0,
                0
              ],
              "uv": [
                296,
                31
              ]
            },
            {
              "origin": [
                64,
                0,
                -46
              ],
              "size": [
                2,
                2,
                8
              ],
              "pivot": [
                62,
                0,
                -39
              ],
              "rotation": [
                -17.5,
                0,
                0
              ],
              "uv": [
                296,
                41
              ]
            },
            {
              "origin": [
                61,
                0,
                -46
              ],
              "size": [
                2,
                2,
                8
              ],
              "pivot": [
                65,
                0,
                -39
              ],
              "rotation": [
                -17.5,
                0,
                0
              ],
              "uv": [
                296,
                51
              ]
            },
            {
              "origin": [
                61.5,
                2.5,
                -53
              ],
              "size": [
                1,
                1,
                8
              ],
              "pivot": [
                65.5,
                2.5,
                -46
              ],
              "rotation": [
                27.5,
                0,
                0
              ],
              "uv": [
                0,
                305
              ]
            },
            {
              "origin": [
                64.5,
                2.5,
                -53
              ],
              "size": [
                1,
                1,
                8
              ],
              "pivot": [
                68.5,
                2.5,
                -46
              ],
              "rotation": [
                27.5,
                0,
                0
              ],
              "uv": [
                18,
                305
              ]
            },
            {
              "origin": [
                58.5,
                2.5,
                -53
              ],
              "size": [
                1,
                1,
                8
              ],
              "pivot": [
                62.5,
                2.5,
                -46
              ],
              "rotation": [
                27.5,
                0,
                0
              ],
              "uv": [
                298,
                307
              ]
            },
            {
              "origin": [
                55,
                0,
                -42
              ],
              "size": [
                2,
                2,
                8
              ],
              "pivot": [
                59,
                0,
                -35
              ],
              "rotation": [
                0,
                45,
                0
              ],
              "uv": [
                296,
                61
              ]
            },
            {
              "origin": [
                51.5,
                0,
                -45
              ],
              "size": [
                1,
                1,
                8
              ],
              "uv": [
                68,
                308
              ]
            }
          ]
        },
        {
          "name": "bone7",
          "parent": "bone3",
          "pivot": [
            30,
            77,
            25
          ],
          "cubes": [
            {
              "origin": [
                58,
                45,
                21
              ],
              "size": [
                8,
                45,
                8
              ],
              "pivot": [
                61,
                45,
                26
              ],
              "rotation": [
                0,
                0,
                -45
              ],
              "uv": [
                202,
                269
              ],
              "mirror": true
            }
          ]
        },
        {
          "name": "bone13",
          "parent": "bone7",
          "pivot": [
            62,
            45,
            25
          ],
          "cubes": [
            {
              "origin": [
                58,
                0,
                21
              ],
              "size": [
                8,
                45,
                8
              ],
              "uv": [
                264,
                18
              ],
              "mirror": true
            },
            {
              "origin": [
                55,
                0,
                17
              ],
              "size": [
                2,
                2,
                8
              ],
              "pivot": [
                59,
                0,
                24
              ],
              "rotation": [
                0,
                45,
                0
              ],
              "uv": [
                296,
                51
              ],
              "mirror": true
            },
            {
              "origin": [
                51.5,
                0,
                14
              ],
              "size": [
                1,
                1,
                8
              ],
              "uv": [
                312,
                153
              ],
              "mirror": true
            },
            {
              "origin": [
                58.5,
                2.5,
                6
              ],
              "size": [
                1,
                1,
                8
              ],
              "pivot": [
                62.5,
                2.5,
                13
              ],
              "rotation": [
                27.5,
                0,
                0
              ],
              "uv": [
                312,
                144
              ],
              "mirror": true
            },
            {
              "origin": [
                64.5,
                2.5,
                6
              ],
              "size": [
                1,
                1,
                8
              ],
              "pivot": [
                68.5,
                2.5,
                13
              ],
              "rotation": [
                27.5,
                0,
                0
              ],
              "uv": [
                310,
                71
              ],
              "mirror": true
            },
            {
              "origin": [
                61.5,
                2.5,
                6
              ],
              "size": [
                1,
                1,
                8
              ],
              "pivot": [
                65.5,
                2.5,
                13
              ],
              "rotation": [
                27.5,
                0,
                0
              ],
              "uv": [
                86,
                308
              ],
              "mirror": true
            },
            {
              "origin": [
                61,
                0,
                13
              ],
              "size": [
                2,
                2,
                8
              ],
              "pivot": [
                65,
                0,
                20
              ],
              "rotation": [
                -17.5,
                0,
                0
              ],
              "uv": [
                298,
                267
              ],
              "mirror": true
            },
            {
              "origin": [
                64,
                0,
                13
              ],
              "size": [
                2,
                2,
                8
              ],
              "pivot": [
                62,
                0,
                20
              ],
              "rotation": [
                -17.5,
                0,
                0
              ],
              "uv": [
                88,
                298
              ],
              "mirror": true
            },
            {
              "origin": [
                58,
                0,
                13
              ],
              "size": [
                2,
                2,
                8
              ],
              "pivot": [
                62,
                0,
                20
              ],
              "rotation": [
                -17.5,
                0,
                0
              ],
              "uv": [
                68,
                298
              ],
              "mirror": true
            }
          ]
        },
        {
          "name": "bone5",
          "parent": "bone3",
          "pivot": [
            -30,
            77,
            -34
          ],
          "cubes": [
            {
              "origin": [
                -66,
                45,
                -38
              ],
              "size": [
                8,
                45,
                8
              ],
              "pivot": [
                -61,
                45,
                -33
              ],
              "rotation": [
                0,
                0,
                45
              ],
              "uv": [
                202,
                269
              ],
              "mirror": true
            }
          ]
        },
        {
          "name": "bone12",
          "parent": "bone5",
          "pivot": [
            -62,
            45,
            -34
          ],
          "cubes": [
            {
              "origin": [
                -66,
                0,
                -38
              ],
              "size": [
                8,
                45,
                8
              ],
              "uv": [
                264,
                18
              ],
              "mirror": true
            },
            {
              "origin": [
                -57,
                0,
                -42
              ],
              "size": [
                2,
                2,
                8
              ],
              "pivot": [
                -59,
                0,
                -35
              ],
              "rotation": [
                0,
                -45,
                0
              ],
              "uv": [
                296,
                61
              ],
              "mirror": true
            },
            {
              "origin": [
                -52.5,
                0,
                -45
              ],
              "size": [
                1,
                1,
                8
              ],
              "uv": [
                68,
                308
              ],
              "mirror": true
            },
            {
              "origin": [
                -59.5,
                2.5,
                -53
              ],
              "size": [
                1,
                1,
                8
              ],
              "pivot": [
                -62.5,
                2.5,
                -46
              ],
              "rotation": [
                27.5,
                0,
                0
              ],
              "uv": [
                298,
                307
              ],
              "mirror": true
            },
            {
              "origin": [
                -65.5,
                2.5,
                -53
              ],
              "size": [
                1,
                1,
                8
              ],
              "pivot": [
                -68.5,
                2.5,
                -46
              ],
              "rotation": [
                27.5,
                0,
                0
              ],
              "uv": [
                18,
                305
              ],
              "mirror": true
            },
            {
              "origin": [
                -62.5,
                2.5,
                -53
              ],
              "size": [
                1,
                1,
                8
              ],
              "pivot": [
                -65.5,
                2.5,
                -46
              ],
              "rotation": [
                27.5,
                0,
                0
              ],
              "uv": [
                0,
                305
              ],
              "mirror": true
            },
            {
              "origin": [
                -63,
                0,
                -46
              ],
              "size": [
                2,
                2,
                8
              ],
              "pivot": [
                -65,
                0,
                -39
              ],
              "rotation": [
                -17.5,
                0,
                0
              ],
              "uv": [
                296,
                51
              ],
              "mirror": true
            },
            {
              "origin": [
                -66,
                0,
                -46
              ],
              "size": [
                2,
                2,
                8
              ],
              "pivot": [
                -62,
                0,
                -39
              ],
              "rotation": [
                -17.5,
                0,
                0
              ],
              "uv": [
                296,
                41
              ],
              "mirror": true
            },
            {
              "origin": [
                -60,
                0,
                -46
              ],
              "size": [
                2,
                2,
                8
              ],
              "pivot": [
                -62,
                0,
                -39
              ],
              "rotation": [
                -17.5,
                0,
                0
              ],
              "uv": [
                296,
                31
              ],
              "mirror": true
            }
          ]
        },
        {
          "name": "bone8",
          "parent": "bone3",
          "pivot": [
            -30,
            77,
            25
          ],
          "cubes": [
            {
              "origin": [
                -66,
                45,
                21
              ],
              "size": [
                8,
                45,
                8
              ],
              "pivot": [
                -61,
                45,
                26
              ],
              "rotation": [
                0,
                0,
                45
              ],
              "uv": [
                202,
                269
              ]
            }
          ]
        },
        {
          "name": "bone14",
          "parent": "bone8",
          "pivot": [
            -62,
            45,
            25
          ],
          "cubes": [
            {
              "origin": [
                -66,
                0,
                21
              ],
              "size": [
                8,
                45,
                8
              ],
              "uv": [
                264,
                18
              ]
            },
            {
              "origin": [
                -60,
                0,
                13
              ],
              "size": [
                2,
                2,
                8
              ],
              "pivot": [
                -62,
                0,
                20
              ],
              "rotation": [
                -17.5,
                0,
                0
              ],
              "uv": [
                68,
                298
              ]
            },
            {
              "origin": [
                -66,
                0,
                13
              ],
              "size": [
                2,
                2,
                8
              ],
              "pivot": [
                -62,
                0,
                20
              ],
              "rotation": [
                -17.5,
                0,
                0
              ],
              "uv": [
                88,
                298
              ]
            },
            {
              "origin": [
                -63,
                0,
                13
              ],
              "size": [
                2,
                2,
                8
              ],
              "pivot": [
                -65,
                0,
                20
              ],
              "rotation": [
                -17.5,
                0,
                0
              ],
              "uv": [
                298,
                267
              ]
            },
            {
              "origin": [
                -62.5,
                2.5,
                6
              ],
              "size": [
                1,
                1,
                8
              ],
              "pivot": [
                -65.5,
                2.5,
                13
              ],
              "rotation": [
                27.5,
                0,
                0
              ],
              "uv": [
                86,
                308
              ]
            },
            {
              "origin": [
                -65.5,
                2.5,
                6
              ],
              "size": [
                1,
                1,
                8
              ],
              "pivot": [
                -68.5,
                2.5,
                13
              ],
              "rotation": [
                27.5,
                0,
                0
              ],
              "uv": [
                310,
                71
              ]
            },
            {
              "origin": [
                -59.5,
                2.5,
                6
              ],
              "size": [
                1,
                1,
                8
              ],
              "pivot": [
                -62.5,
                2.5,
                13
              ],
              "rotation": [
                27.5,
                0,
                0
              ],
              "uv": [
                312,
                144
              ]
            },
            {
              "origin": [
                -57,
                0,
                17
              ],
              "size": [
                2,
                2,
                8
              ],
              "pivot": [
                -59,
                0,
                24
              ],
              "rotation": [
                0,
                -45,
                0
              ],
              "uv": [
                296,
                51
              ]
            },
            {
              "origin": [
                -52.5,
                0,
                14
              ],
              "size": [
                1,
                1,
                8
              ],
              "uv": [
                312,
                153
              ]
            }
          ]
        },
        {
          "name": "bone",
          "parent": "bone3",
          "pivot": [
            0,
            76,
            -39.9
          ],
          "cubes": [
            {
              "origin": [
                -5,
                72,
                -76
              ],
              "size": [
                10,
                10,
                35
              ],
              "uv": [
                112,
                231
              ]
            }
          ]
        },
        {
          "name": "bone2",
          "parent": "bone",
          "pivot": [
            0,
            77,
            -76.9
          ],
          "cubes": [
            {
              "origin": [
                -12,
                67,
                -93
              ],
              "size": [
                24,
                21,
                17
              ],
              "uv": [
                202,
                231
              ]
            },
            {
              "origin": [
                -13,
                69.8,
                -91.9
              ],
              "size": [
                5,
                2,
                16
              ],
              "pivot": [
                -6,
                70.8,
                -76.9
              ],
              "rotation": [
                0,
                0,
                -42.5
              ],
              "uv": [
                0,
                287
              ]
            },
            {
              "origin": [
                7,
                68,
                -91.9
              ],
              "size": [
                6,
                2,
                16
              ],
              "pivot": [
                5,
                69,
                -76.9
              ],
              "rotation": [
                0,
                0,
                42.5
              ],
              "uv": [
                284,
                249
              ]
            },
            {
              "origin": [
                8,
                69.8,
                -91.9
              ],
              "size": [
                5,
                2,
                16
              ],
              "pivot": [
                6,
                70.8,
                -76.9
              ],
              "rotation": [
                0,
                0,
                42.5
              ],
              "uv": [
                0,
                287
              ],
              "mirror": true
            },
            {
              "origin": [
                -13,
                68,
                -91.9
              ],
              "size": [
                6,
                2,
                16
              ],
              "pivot": [
                -5,
                69,
                -76.9
              ],
              "rotation": [
                0,
                0,
                -42.5
              ],
              "uv": [
                284,
                249
              ],
              "mirror": true
            },
            {
              "origin": [
                -5,
                42,
                -79
              ],
              "size": [
                10,
                31,
                3
              ],
              "pivot": [
                4,
                42,
                -76
              ],
              "rotation": [
                -5,
                0,
                0
              ],
              "uv": [
                42,
                287
              ]
            }
          ]
        },
        {
          "name": "bone17",
          "parent": "bone2",
          "pivot": [
            0,
            67,
            -77
          ],
          "cubes": [
            {
              "origin": [
                10,
                42,
                -92
              ],
              "size": [
                2,
                25,
                16
              ],
              "uv": [
                112,
                276
              ]
            },
            {
              "origin": [
                4,
                43,
                -79.1
              ],
              "size": [
                7,
                5,
                3
              ],
              "pivot": [
                11,
                43,
                -77.1
              ],
              "rotation": [
                0,
                0,
                -42.5
              ],
              "uv": [
                168,
                304
              ]
            },
            {
              "origin": [
                -12,
                42,
                -92
              ],
              "size": [
                2,
                25,
                16
              ],
              "uv": [
                112,
                276
              ],
              "mirror": true
            },
            {
              "origin": [
                -6,
                37,
                -92
              ],
              "size": [
                12,
                2,
                16
              ],
              "uv": [
                284,
                231
              ]
            },
            {
              "origin": [
                -11,
                43,
                -79.1
              ],
              "size": [
                7,
                5,
                3
              ],
              "pivot": [
                -11,
                43,
                -77.1
              ],
              "rotation": [
                0,
                0,
                42.5
              ],
              "uv": [
                168,
                304
              ],
              "mirror": true
            },
            {
              "origin": [
                -10,
                42,
                -79
              ],
              "size": [
                20,
                25,
                3
              ],
              "uv": [
                148,
                276
              ]
            },
            {
              "origin": [
                -11,
                42,
                -92
              ],
              "size": [
                7,
                1,
                16
              ],
              "pivot": [
                -11,
                43,
                -77
              ],
              "rotation": [
                0,
                0,
                42.5
              ],
              "uv": [
                264,
                71
              ]
            },
            {
              "origin": [
                -6,
                39,
                -79.2
              ],
              "size": [
                12,
                3,
                3
              ],
              "uv": [
                216,
                144
              ]
            },
            {
              "origin": [
                4,
                42,
                -92
              ],
              "size": [
                7,
                1,
                16
              ],
              "pivot": [
                11,
                43,
                -77
              ],
              "rotation": [
                0,
                0,
                -42.5
              ],
              "uv": [
                264,
                71
              ],
              "mirror": true
            }
          ]
        }
      ]
    }
  ]
}