{"format_version":"1.12.0","minecraft:geometry":[{"description":{"identifier":"geometry.ourano","texture_width":128,"texture_height":128,"visible_bounds_width":6,"visible_bounds_height":3.5,"visible_bounds_offset":[0,1.25,0]},"bones":[{"name":"Body","pivot":[0,18,0],"cubes":[{"origin":[-0.5,18,-13],"size":[1,14,13],"uv":[35,41]},{"origin":[-7,10,0],"size":[14,16,12],"uv":[0,0]},{"origin":[-0.5,18,0],"size":[1,12,12],"uv":[0,54]}]},{"name":"Neck","parent":"Body","pivot":[0,16,-11],"cubes":[{"origin":[-2,15,-28],"size":[4,4,16],"pivot":[0,15,-12],"rotation":[-45,0,0],"uv":[36,12]}]},{"name":"Head","parent":"Neck","pivot":[0,28,-20],"cubes":[{"origin":[-3,25,-26],"size":[6,5,6],"uv":[40,0]},{"origin":[-0.5,28,-28],"size":[1,4,5],"uv":[0,0]},{"origin":[-2,26,-32],"size":[4,2,6],"uv":[36,32]}]},{"name":"Jaw","parent":"Head","pivot":[0,26,-26],"cubes":[{"origin":[-2,25,-32],"size":[4,1,6],"uv":[60,19]}]},{"name":"Chest","parent":"Body","pivot":[0,17,-6],"cubes":[{"origin":[-6,10,-12],"size":[12,14,12],"uv":[0,28]}]},{"name":"Tail","parent":"Body","pivot":[0,20,12],"cubes":[{"origin":[-0.5,18,12],"size":[1,10,6],"uv":[26,62]},{"origin":[-3,14,12],"size":[6,11,8],"uv":[50,32]}]},{"name":"bone","parent":"Tail","pivot":[0,20,20],"cubes":[{"origin":[-2,16,20],"size":[4,8,6],"uv":[60,5]}]},{"name":"bone2","parent":"bone","pivot":[0,20,26],"cubes":[{"origin":[-1,17,26],"size":[2,6,6],"uv":[40,68]}]},{"name":"bone3","parent":"bone2","pivot":[0,21,32],"cubes":[{"origin":[-0.5,19,32],"size":[1,3,8],"uv":[14,54]}]},{"name":"Rarm","parent":"Body","pivot":[-3,10,-8],"cubes":[{"origin":[-4.5,0,-9.5],"size":[3,10,3],"uv":[76,26]}]},{"name":"Larm","parent":"Body","pivot":[3,10,-8],"cubes":[{"origin":[1.5,0,-9.5],"size":[3,10,3],"uv":[75,65]}]},{"name":"Rleg","parent":"Body","pivot":[-4,10,7],"cubes":[{"origin":[-6,0,5],"size":[4,10,4],"uv":[59,65]}]},{"name":"Lleg","parent":"Body","pivot":[4,10,7],"cubes":[{"origin":[2,0,5],"size":[4,10,4],"uv":[63,51]}]}]}]}