{
  "format_version": "1.10.0",
  "geometry.spotted_theteethed": {
    "texturewidth": 64,
    "textureheight": 32,
    "visible_bounds_width": 3,
    "visible_bounds_height": 1,
    "visible_bounds_offset": [
      0,
      0.5,
      0
    ],
    "bones": [
      {
        "name": "bodyPart_2",
        "pivot": [
          0,
          4,
          1
        ],
        "cubes": [
          {
            "origin": [
              -3,
              0,
              2.5
            ],
            "size": [
              6,
              0,
              0
            ],
            "uv": [
              0,
              9
            ]
          }
        ]
      },
      {
        "name": "bodyPart_0",
        "parent": "bodyPart_2",
        "pivot": [
          0,
          2,
          -3.5
        ],
        "cubes": [
          {
            "origin": [
              -1.5,
              0,
              -2.5
            ],
            "size": [
              3,
              0,
              0
            ],
            "uv": [
              0,
              0
            ]
          }
        ]
      },
      {
        "name": "bodyPart_1",
        "parent": "bodyPart_2",
        "pivot": [
          0,
          3,
          -1.5
        ],
        "cubes": [
          {
            "origin": [
              -2,
              0,
              -0.5
            ],
            "size": [
              4,
              0,
              0
            ],
            "uv": [
              0,
              4
            ]
          }
        ]
      },
      {
        "name": "bodyLayer_2",
        "parent": "bodyPart_1",
        "pivot": [
          0,
          5,
          -1.5
        ],
        "cubes": [
          {
            "origin": [
              -3,
              0,
              -1
            ],
            "size": [
              6,
              0,
              0
            ],
            "uv": [
              20,
              18
            ]
          }
        ]
      },
      {
        "name": "bodyPart_3",
        "parent": "bodyPart_2",
        "pivot": [
          0,
          3,
          4
        ],
        "cubes": [
          {
            "origin": [
              -1.5,
              0,
              5.5
            ],
            "size": [
              3,
              0,
              0
            ],
            "uv": [
              0,
              16
            ]
          }
        ]
      },
      {
        "name": "bodyPart_4",
        "parent": "bodyPart_2",
        "pivot": [
          0,
          2,
          7
        ],
        "cubes": [
          {
            "origin": [
              -1,
              0,
              8.5
            ],
            "size": [
              2,
              0,
              0
            ],
            "uv": [
              0,
              22
            ]
          }
        ]
      },
      {
        "name": "bodyLayer_1",
        "parent": "bodyPart_4",
        "pivot": [
          0,
          4,
          7
        ],
        "cubes": [
          {
            "origin": [
              -3,
              0,
              8.5
            ],
            "size": [
              6,
              0,
              0
            ],
            "uv": [
              20,
              11
            ]
          }
        ]
      },
      {
        "name": "bodyPart_5",
        "parent": "bodyPart_2",
        "pivot": [
          0,
          1,
          9.5
        ],
        "cubes": [
          {
            "origin": [
              -1,
              0,
              10.5
            ],
            "size": [
              2,
              0,
              0
            ],
            "uv": [
              11,
              0
            ]
          }
        ]
      },
      {
        "name": "bodyPart_6",
        "parent": "bodyPart_2",
        "pivot": [
          0,
          1,
          11.5
        ],
        "cubes": [
          {
            "origin": [
              -0.5,
              0,
              12.5
            ],
            "size": [
              1,
              0,
              0
            ],
            "uv": [
              13,
              4
            ]
          }
        ]
      },
      {
        "name": "bodyLayer_0",
        "parent": "bodyPart_2",
        "pivot": [
          0,
          8,
          1
        ],
        "cubes": [
          {
            "origin": [
              -5,
              0,
              2.5
            ],
            "size": [
              10,
              0,
              0
            ],
            "uv": [
              20,
              0
            ]
          }
        ]
      }
    ]
  }
}