{
  "format_version": "1.16.0",
  "minecraft:entity": {
    "description": {
      "identifier": "imitators:tornopen2",
      "is_spawnable": false,
      "is_summonable": true,
      "is_experimental": false,
      "scripts": {
        "animate": [
          "allow"
        ]
      },
      "animations": {
        "allow": "animation.allown"
      },
      "runtime_identifier": "pa:hadro"
    },
    "component_groups": {
      "evil": {
        "minecraft:behavior.knockback_roar": {
          "priority": 1,
          "duration": 1,
          "attack_time": 0.8,
          "knockback_damage": 7,
          "knockback_horizontal_strength": 13,
          "knockback_verticle_strength": 26,
          "knockback_range": 2,
          "knockback_filters": {
            "test": "has_tag",
            "subject": "other",
            "operator": "!=",
            "value": "hb"
          },
          "damage_filters": {
            "test": "has_tag",
            "subject": "other",
            "operator": "!=",
            "value": "hb"
          },
          "cooldown_time": 2,
          "on_roar_end": {
            "target": "self",
            "event": "exit"
          }
        },
        "minecraft:timer": {
          "loop": false,
          "time": 2,
          "time_down_event": {
            "target": "self",
            "event": "exit"
          }
        }
      },
      "blast": {
        "minecraft:behavior.knockback_roar": {
          "priority": 1,
          "duration": 1,
          "attack_time": 0.8,
          "knockback_damage": 7,
          "knockback_horizontal_strength": 16,
          "knockback_verticle_strength": 32,
          "knockback_range": 2,
          "knockback_filters": {
            "test": "is_family",
            "subject": "other",
            "value": "player"
          },
          "damage_filters": {
            "test": "is_family",
            "subject": "other",
            "value": "player"
          },
          "cooldown_time": 2,
          "on_roar_end": {
            "target": "self",
            "event": "exit"
          }
        }
      },
      "despawn": {
        "minecraft:instant_despawn": {}
      },
      "rush": {
        "minecraft:angry": {
          "duration": 100,
          "calm_event": {
            "target": "self",
            "event": "calm"
          }
        }
      },
      "stalk1": {
        "minecraft:is_sheared": {},
        "minecraft:mark_variant": {
          "value": 1
        },
        "minecraft:timer": {
          "looping": true,
          "time": 1,
          "time_down_event": {
            "target": "self",
            "event": "stalked"
          }
        }
      },
      "stalk2": {
        "minecraft:is_sheared": {},
        "minecraft:mark_variant": {
          "value": 2
        },
        "minecraft:timer": {
          "looping": true,
          "time": 1,
          "time_down_event": {
            "target": "self",
            "event": "stalked"
          }
        }
      },
      "stalk3": {
        "minecraft:is_sheared": {},
        "minecraft:mark_variant": {
          "value": 3
        },
        "minecraft:timer": {
          "looping": true,
          "time": 1,
          "time_down_event": {
            "target": "self",
            "event": "stalked"
          }
        }
      },
      "stalk4": {
        "minecraft:is_sheared": {},
        "minecraft:mark_variant": {
          "value": 4
        },
        "minecraft:timer": {
          "looping": true,
          "time": 5,
          "time_down_event": {
            "target": "self",
            "event": "stalked"
          }
        }
      },
      "stalk5": {
        "minecraft:is_sheared": {},
        "minecraft:mark_variant": {
          "value": 5
        },
        "minecraft:timer": {
          "looping": true,
          "time": 1,
          "time_down_event": {
            "target": "self",
            "event": "stalked"
          }
        }
      },
      "stalk6": {
        "minecraft:is_sheared": {},
        "minecraft:mark_variant": {
          "value": 6
        },
        "minecraft:timer": {
          "looping": true,
          "time": 1,
          "time_down_event": {
            "target": "self",
            "event": "stalked"
          }
        }
      },
      "crawl": {
        "minecraft:is_ignited": {},
        "minecraft:timer": {
          "looping": false,
          "time": 1,
          "time_down_event": {
            "target": "self",
            "event": "crawled"
          }
        }
      },
      "crouch": {
        "minecraft:is_saddled": {},
        "minecraft:timer": {
          "looping": false,
          "time": 1,
          "time_down_event": {
            "target": "self",
            "event": "crouched"
          }
        }
      }
    },
    "components": {
      "minecraft:type_family": {
        "family": [
          "spider",
          "monster",
          "mob",
          "arthropod"
        ]
      },
      "minecraft:is_hidden_when_invisible": {},
      "minecraft:health": {
        "value": 125,
        "max": 125
      },
      "minecraft:loot": {
        "table": "loot_tables/empty.json"
      },
      "minecraft:collision_box": {
        "height": 1.25,
        "width": 0.0
      },
      "minecraft:movement": {
        "value": 0.61
      },
      "minecraft:underwater_movement": {
        "value": 0.05
      },
      "minecraft:attack": {
        "damage": 12
      },
      "minecraft:behavior.nearest_attackable_target": {
        "priority": 20,
        "must_see": false,
        "must_reach": false,
        "within_radius": 100,
        "entity_types": [
          {
            "filters": {
              "any_of": [
                {
                  "test": "is_family",
                  "subject": "other",
                  "value": "player"
                }
              ]
            },
            "must_see": false,
            "must_reach": false,
            "max_dist": 100.0
          }
        ],
        "persist_time": 8,
        "reselect_targets": true
      },
      "minecraft:movement.generic": {
        "max_turn": 13
      },
      "minecraft:behavior.melee_attack": {
        "priority": 2,
        "speed_multiplier": 1
      },
      "minecraft:despawn": {
        "despawn_from_distance": {}
      },
      "minecraft:follow_range": {
        "value": 150,
        "max": "150"
      },
      "minecraft:lookat": {
        "allow_invulnerable": true,
        "filters": {
          "test": "has_target"
        },
        "look_cooldown": [
          1,
          5
        ],
        "search_radius": 115.0,
        "set_target": false
      },
      "minecraft:damage_sensor": [
        [
          {
            "cause": "fall",
            "deals_damage": false
          }
        ],
        {
          "cause": "fall",
          "deals_damage": false
        }
      ],
      "minecraft:preferred_path": {
        "max_fall_blocks": 200
      },
      "minecraft:jump.static": {},
      "minecraft:navigation.climb": {
        "can_walk": true,
        "can_pass_doors": true,
        "can_open_doors": true,
        "can_break_doors": true,
        "can_swim": true,
        "can_jump": true,
        "can_path_over_water": true,
        "can_path_over_lava": true,
        "can_walk_in_lava": true,
        "is_amphibious": true,
        "can_path_from_air": true
      },
      "minecraft:behavior.break_door": {
        "priority": 5
      },
      "minecraft:behavior.look_at_player": {
        "priority": 7,
        "look_distance": 110
      },
      "minecraft:physics": {},
      "minecraft:conditional_bandwidth_optimization": {
        "default_values": {
          "max_optimized_distance": 120,
          "max_dropped_ticks": 0,
          "use_motion_prediction_hints": false
        }
      },
      "minecraft:pushable": {
        "is_pushable": false,
        "is_pushable_by_piston": true
      },
      "minecraft:knockback_resistance": {
        "value": 0.65,
        "max": 0.65
      },
      "minecraft:behavior.hurt_by_target": {
        "priority": 3
      },
      "minecraft:behavior.owner_hurt_by_target": {
        "priority": 1
      },
      "minecraft:behavior.owner_hurt_target": {
        "priority": 2
      },
      "minecraft:annotation.break_door": {
        "break_time": 0.1,
        "min_difficulty": "easy"
      },
      "minecraft:break_blocks": {
        "breakable_blocks": [
          "frog_spawn",
          "mangrove_boat",
          "mangrove_leaves",
          "mangrove_propagule",
          "azalea",
          "azalea_leaves",
          "big_dripleaf",
          "flowering_azalea",
          "azalea_leaves_flowered",
          "glow_lichen",
          "hanging_roots",
          "moss_carpet",
          "small_dripleaf",
          "spore_blossom",
          "acacia_fence_gate",
          "banner",
          "bed",
          "birch_fence_gate",
          "boat",
          "brown_mushroom",
          "carpet",
          "coral_fan",
          "coral_fan_dead",
          "double_plant",
          "fence_gate",
          "glass",
          "glass_pane",
          "jungle_fence_gate",
          "ladder",
          "leaves",
          "leaves2",
          "nether_sprouts",
          "red_flower",
          "reeds",
          "sapling",
          "sea_pickle",
          "seagrass",
          "spruce_fence_gate",
          "stained_glass",
          "stained_glass_pane",
          "string",
          "sweet_berries",
          "tallgrass",
          "twisting_vines",
          "vine",
          "weeping_vines",
          "wither_rose",
          "bamboo_fence_gate",
          "cherry_fence_gate",
          "mangrove_fence_gate",
          "torchflower_seeds",
          "torchflower_crop",
          "pitcher_crop",
          "cherry_sapling",
          "torchflower",
          "pink_petals",
          "pitcher_plant",
          "cherry_leaves",
          "bamboo_raft",
          "bamboo_chest_raft",
          "cherry_boat",
          "oak_chest_boat",
          "spruce_chest_boat",
          "birch_chest_boat",
          "jungle_chest_boat",
          "acacia_chest_boat",
          "dark_oak_chest_boat",
          "mangrove_chest_boat",
          "cherry_chest_boat"
        ]
      },
      "minecraft:rail_movement": {
        "max_speed": 40.0
      },
      "minecraft:equip_item": {},
      "minecraft:experience_reward": {
        "on_death": "query.last_hit_by_player ? 10 : 0"
      },
      "minecraft:scale": {
        "value": 1.1
      },
      "minecraft:timer": {
        "looping": true,
        "time": 34.0,
        "time_down_event": {
          "event": "on:tick_action"
        }
      },
      "minecraft:breathable": {
        "breathesWater": true,
        "totalSupply": 20,
        "suffocateTime": -1,
        "generatesBubbles": true,
        "breathesAir": true
      },
      "minecraft:fall_damage": {
        "value": 0
      },
      "minecraft:fire_immune": true,
      "minecraft:on_target_escape": {
        "event": "on:target_escape",
        "target": "self"
      },
      "minecraft:on_target_acquired": {
        "event": "on:target_acquired",
        "target": "self"
      }
    },
    "events": {
      "evil": {
        "add": {
          "component_groups": [
            "evil"
          ]
        }
      },
      "blast": {
        "add": {
          "component_groups": [
            "blast"
          ]
        }
      },
      "despawn": {
        "add": {
          "component_groups": [
            "despawn"
          ]
        }
      },
      "rush": {
        "queue_command": {
          "command": [
            "playsound mob.mvoid.spotted @p",
            "playsound mob.mvoid.chase @p",
            "summon lightning_bolt",
            "tag @p add visagex",
            "tag @p add gotcha",
            "effect @p darkness 3 150 true"
          ]
        }
      },
      "angry": {
        "add": {
          "component_groups": [
            "rush"
          ]
        }
      },
      "calm": {
        "remove": {
          "component_groups": [
            "rush"
          ]
        },
        "add": {
          "component_groups": [
            "despawn"
          ]
        }
      },
      "exit": {
        "remove": {
          "component_groups": [
            "evil",
            "blast"
          ]
        }
      },
      "stalk1": {
        "add": {
          "component_groups": [
            "stalk1"
          ]
        }
      },
      "stalk2": {
        "add": {
          "component_groups": [
            "stalk2"
          ]
        }
      },
      "stalk3": {
        "add": {
          "component_groups": [
            "stalk3"
          ]
        }
      },
      "stalk4": {
        "add": {
          "component_groups": [
            "stalk4"
          ]
        }
      },
      "stalk5": {
        "add": {
          "component_groups": [
            "stalk5"
          ]
        }
      },
      "stalk6": {
        "add": {
          "component_groups": [
            "stalk6"
          ]
        }
      },
      "stalked": {
        "remove": {
          "component_groups": [
            "stalk1",
            "stalk2",
            "stalk3",
            "stalk4",
            "stalk5",
            "stalk6"
          ]
        }
      },
      "crawl": {
        "add": {
          "component_groups": [
            "crawl"
          ]
        },
        "remove": {
          "component_groups": [
            "crouch",
            "stalk1",
            "stalk2",
            "stalk3",
            "stalk4",
            "stalk5",
            "stalk6"
          ]
        }
      },
      "crouch": {
        "add": {
          "component_groups": [
            "crouch"
          ]
        },
        "remove": {
          "component_groups": [
            "stalk1",
            "stalk2",
            "stalk3",
            "stalk4",
            "stalk5",
            "stalk6"
          ]
        }
      },
      "crawled": {
        "remove": {
          "component_groups": [
            "crawl",
            "crouch",
            "stalk1",
            "stalk2",
            "stalk3",
            "stalk4",
            "stalk5",
            "stalk6"
          ]
        }
      },
      "crouched": {
        "remove": {
          "component_groups": [
            "crouch",
            "crawl",
            "stalk1",
            "stalk2",
            "stalk3",
            "stalk4",
            "stalk5",
            "stalk6"
          ]
        }
      },
      "on:death": {
        "queue_command": {
          "command": []
        }
      },
      "on:hurt": {
        "queue_command": {
          "command": []
        }
      },
      "on:hurt_by_player": {
        "queue_command": {
          "command": []
        }
      },
      "on:ignite": {
        "queue_command": {
          "command": []
        }
      },
      "on:target_acquired": {
        "randomize": [
          {
            "queue_command": {
              "command": [
                "function chase_tornopen_1"
              ]
            },
            "weight": 1
          },
          {
            "queue_command": {
              "command": [
                "function chase_tornopen_2"
              ]
            },
            "weight": 1
          }
        ]
      },
      "on:target_escape": {
        "randomize": [
          {
            "queue_command": {
              "command": [
                "function disappear_tornopen"
              ]
            },
            "weight": 1
          },
          {
            "queue_command": {
              "command": [
                "function disappear_tornopen2"
              ]
            },
            "weight": 1
          }
        ]
      },
      "on:wake_with_owner": {
        "queue_command": {
          "command": []
        }
      },
      "on:tick_action": {
        "randomize": [
          {
            "queue_command": {
              "command": [
                "function disappear_tornopen_"
              ]
            },
            "weight": 1
          },
          {
            "queue_command": {
              "command": [
                "function disappear_tornopen_2"
              ]
            },
            "weight": 1
          }
        ]
      }
    }
  }
}