{
  "format_version": "1.16.0",
  "minecraft:entity": {
    "description": {
      "identifier": "imitators:tornopen",
      "is_spawnable": true,
      "is_summonable": true,
      "is_experimental": false,
      "scripts": {
        "animate": [
          "allow"
        ]
      },
      "animations": {
        "allow": "animation.allown"
      },
      "runtime_identifier": "pa:hadro"
    },
    "component_groups": {
      "evil": {
        "minecraft:behavior.knockback_roar": {
          "priority": 1,
          "duration": 1,
          "attack_time": 0.8,
          "knockback_damage": 7,
          "knockback_horizontal_strength": 13,
          "knockback_verticle_strength": 26,
          "knockback_range": 2,
          "knockback_filters": {
            "test": "has_tag",
            "subject": "other",
            "operator": "!=",
            "value": "hb"
          },
          "damage_filters": {
            "test": "has_tag",
            "subject": "other",
            "operator": "!=",
            "value": "hb"
          },
          "cooldown_time": 2,
          "on_roar_end": {
            "target": "self",
            "event": "exit"
          }
        },
        "minecraft:timer": {
          "loop": false,
          "time": 2,
          "time_down_event": {
            "target": "self",
            "event": "exit"
          }
        }
      },
      "blast": {
        "minecraft:behavior.knockback_roar": {
          "priority": 1,
          "duration": 1,
          "attack_time": 0.8,
          "knockback_damage": 7,
          "knockback_horizontal_strength": 16,
          "knockback_verticle_strength": 32,
          "knockback_range": 2,
          "knockback_filters": {
            "test": "is_family",
            "subject": "other",
            "value": "player"
          },
          "damage_filters": {
            "test": "is_family",
            "subject": "other",
            "value": "player"
          },
          "cooldown_time": 2,
          "on_roar_end": {
            "target": "self",
            "event": "exit"
          }
        }
      },
      "despawn": {
        "minecraft:instant_despawn": {}
      },
      "rush": {
        "minecraft:angry": {
          "duration": 100,
          "calm_event": {
            "target": "self",
            "event": "calm"
          }
        }
      },
      "stalk1": {
        "minecraft:is_sheared": {},
        "minecraft:mark_variant": {
          "value": 1
        },
        "minecraft:timer": {
          "looping": true,
          "time": 1,
          "time_down_event": {
            "target": "self",
            "event": "stalked"
          }
        }
      },
      "stalk2": {
        "minecraft:is_sheared": {},
        "minecraft:mark_variant": {
          "value": 2
        },
        "minecraft:timer": {
          "looping": true,
          "time": 1,
          "time_down_event": {
            "target": "self",
            "event": "stalked"
          }
        }
      },
      "stalk3": {
        "minecraft:is_sheared": {},
        "minecraft:mark_variant": {
          "value": 3
        },
        "minecraft:timer": {
          "looping": true,
          "time": 1,
          "time_down_event": {
            "target": "self",
            "event": "stalked"
          }
        }
      },
      "stalk4": {
        "minecraft:is_sheared": {},
        "minecraft:mark_variant": {
          "value": 4
        },
        "minecraft:timer": {
          "looping": true,
          "time": 2,
          "time_down_event": {
            "target": "self",
            "event": "stalked"
          }
        }
      },
      "stalk5": {
        "minecraft:is_sheared": {},
        "minecraft:mark_variant": {
          "value": 5
        },
        "minecraft:timer": {
          "looping": true,
          "time": 1,
          "time_down_event": {
            "target": "self",
            "event": "stalked"
          }
        }
      },
      "stalk6": {
        "minecraft:is_sheared": {},
        "minecraft:mark_variant": {
          "value": 6
        },
        "minecraft:timer": {
          "looping": true,
          "time": 1,
          "time_down_event": {
            "target": "self",
            "event": "stalked"
          }
        }
      },
      "crawl": {
        "minecraft:is_ignited": {},
        "minecraft:timer": {
          "looping": false,
          "time": 1,
          "time_down_event": {
            "target": "self",
            "event": "crawled"
          }
        }
      },
      "crouch": {
        "minecraft:is_saddled": {},
        "minecraft:timer": {
          "looping": false,
          "time": 1,
          "time_down_event": {
            "target": "self",
            "event": "crouched"
          }
        }
      }
    },
    "components": {
      "minecraft:type_family": {
        "family": [
          "spider",
          "monster",
          "mob",
          "arthropod",
          "raked"
        ]
      },
      "minecraft:is_hidden_when_invisible": {},
      "minecraft:health": {
        "value": 125,
        "max": 125
      },
      "minecraft:loot": {
        "table": "loot_tables/empty.json"
      },
      "minecraft:collision_box": {
        "height": 1.25,
        "width": 0.8
      },
      "minecraft:movement": {
        "value": 0
      },
      "minecraft:underwater_movement": {
        "value": 0.05
      },
      "minecraft:attack": {
        "damage": 12
      },
      "minecraft:behavior.nearest_attackable_target": {
        "priority": 5,
        "must_see": true,
        "must_reach": false,
        "within_radius": 100,
        "entity_types": [
          {
            "filters": {
              "any_of": [
                {
                  "test": "is_family",
                  "subject": "other",
                  "value": "player"
                }
              ]
            },
            "must_see": true,
            "must_reach": false,
            "max_dist": 25.0
          }
        ],
        "persist_time": 1,
        "reselect_targets": true
      },
      "minecraft:movement.generic": {
        "max_turn": 16
      },
      "minecraft:behavior.melee_attack": {
        "priority": 2,
        "speed_multiplier": 1
      },
      "minecraft:despawn": {
        "despawn_from_distance": {}
      },
      "minecraft:follow_range": {
        "value": 150,
        "max": "150"
      },
      "minecraft:can_climb": {},
      "minecraft:lookat": {
        "allow_invulnerable": false,
        "filters": {
          "test": "has_target"
        },
        "look_cooldown": [
          1,
          1
        ],
        "search_radius": 100.0,
        "set_target": true
      },
      "minecraft:damage_sensor": [
        [
          {
            "cause": "fall",
            "deals_damage": false
          }
        ],
        {
          "cause": "fall",
          "deals_damage": false
        }
      ],
      "minecraft:preferred_path": {
        "max_fall_blocks": 200
      },
      "minecraft:jump.static": {},
      "minecraft:navigation.climb": {
        "can_walk": true,
        "can_pass_doors": true,
        "can_open_doors": true,
        "can_break_doors": true,
        "can_swim": true,
        "can_jump": true,
        "can_path_over_water": true,
        "can_path_over_lava": true,
        "can_walk_in_lava": true,
        "is_amphibious": true,
        "can_path_from_air": true
      },
      "minecraft:behavior.break_door": {
        "priority": 5
      },
      "minecraft:behavior.look_at_player": {
        "priority": 7,
        "look_distance": 20
      },
      "minecraft:behavior.avoid_mob_type": {
        "priority": 1,
        "entity_types": [
          {
            "filters": {
              "all_of": [
                {
                  "test": "is_family",
                  "subject": "other",
                  "value": "player"
                },
                {
                  "test": "has_tag",
                  "subject": "self",
                  "value": "flee"
                }
              ],
              "other_with_families": [
                "ocelot",
                "ocelot",
                "ocelot",
                "ocelot",
                "irongolem"
              ]
            },
            "max_dist": 0,
            "max_flee": 0,
            "walk_speed_multiplier": 2.2,
            "sprint_speed_multiplier": 2.2
          }
        ]
      },
      "minecraft:physics": {},
      "minecraft:conditional_bandwidth_optimization": {
        "default_values": {
          "max_optimized_distance": 120,
          "max_dropped_ticks": 0,
          "use_motion_prediction_hints": false
        }
      },
      "minecraft:pushable": {
        "is_pushable": false,
        "is_pushable_by_piston": true
      },
      "minecraft:knockback_resistance": {
        "value": 1.0,
        "max": 1.0
      },
      "minecraft:behavior.hurt_by_target": {
        "priority": 3
      },
      "minecraft:behavior.owner_hurt_by_target": {
        "priority": 1
      },
      "minecraft:behavior.owner_hurt_target": {
        "priority": 2
      },
      "minecraft:annotation.break_door": {
        "break_time": 0.5,
        "min_difficulty": "easy"
      },
      "minecraft:break_blocks": {
        "breakable_blocks": [
          "frog_spawn",
          "mangrove_boat",
          "dark_oak_chest_boat",
          "mangrove_chest_boat",
          "cherry_chest_boat"
        ]
      },
      "minecraft:rail_movement": {
        "max_speed": 40.0
      },
      "minecraft:behavior.random_stroll": {
        "priority": 8
      },
      "minecraft:equip_item": {},
      "minecraft:experience_reward": {
        "on_death": "query.last_hit_by_player ? 10 : 0"
      },
      "minecraft:scale": {
        "value": 1.1
      },
      "minecraft:breathable": {
        "breathesWater": true,
        "totalSupply": 999,
        "suffocateTime": -1,
        "generatesBubbles": false,
        "breathesAir": true
      },
      "minecraft:timer": {
        "looping": true,
        "time": 240,
        "time_down_event": {
          "event": "on:tick_action"
        }
      },
      "minecraft:behavior.flee_sun": {
        "priority": 2,
        "speed_multiplier": 2
      },
      "minecraft:fall_damage": {
        "value": 0
      },
      "minecraft:fire_immune": true,
      "minecraft:on_target_acquired": {
        "event": "on:target_acquired",
        "target": "self"
      }
    },
    "events": {
      "evil": {
        "add": {
          "component_groups": [
            "evil"
          ]
        }
      },
      "blast": {
        "add": {
          "component_groups": [
            "blast"
          ]
        }
      },
      "despawn": {
        "add": {
          "component_groups": [
            "despawn"
          ]
        }
      },
      "rush": {
        "queue_command": {
          "command": [
            "playsound mob.oldgoatman.spotted @p",
            "tag @p add visagex",
            "tag @p add gotcha",
            "effect @s slowness 2 255 true",
            "event entity @s stalk4"
          ]
        }
      },
      "angry": {
        "add": {
          "component_groups": [
            "rush"
          ]
        }
      },
      "calm": {
        "remove": {
          "component_groups": [
            "rush"
          ]
        },
        "add": {
          "component_groups": [
            "despawn"
          ]
        }
      },
      "exit": {
        "remove": {
          "component_groups": [
            "evil",
            "blast"
          ]
        }
      },
      "stalk1": {
        "add": {
          "component_groups": [
            "stalk1"
          ]
        }
      },
      "stalk2": {
        "add": {
          "component_groups": [
            "stalk2"
          ]
        }
      },
      "stalk3": {
        "add": {
          "component_groups": [
            "stalk3"
          ]
        }
      },
      "stalk4": {
        "add": {
          "component_groups": [
            "stalk4"
          ]
        }
      },
      "stalk5": {
        "add": {
          "component_groups": [
            "stalk5"
          ]
        }
      },
      "stalk6": {
        "add": {
          "component_groups": [
            "stalk6"
          ]
        }
      },
      "stalked": {
        "remove": {
          "component_groups": [
            "stalk1",
            "stalk2",
            "stalk3",
            "stalk4",
            "stalk5",
            "stalk6"
          ]
        }
      },
      "crawl": {
        "add": {
          "component_groups": [
            "crawl"
          ]
        },
        "remove": {
          "component_groups": [
            "crouch",
            "stalk1",
            "stalk2",
            "stalk3",
            "stalk4",
            "stalk5",
            "stalk6"
          ]
        }
      },
      "crouch": {
        "add": {
          "component_groups": [
            "crouch"
          ]
        },
        "remove": {
          "component_groups": [
            "stalk1",
            "stalk2",
            "stalk3",
            "stalk4",
            "stalk5",
            "stalk6"
          ]
        }
      },
      "crawled": {
        "remove": {
          "component_groups": [
            "crawl",
            "crouch",
            "stalk1",
            "stalk2",
            "stalk3",
            "stalk4",
            "stalk5",
            "stalk6"
          ]
        }
      },
      "crouched": {
        "remove": {
          "component_groups": [
            "crouch",
            "crawl",
            "stalk1",
            "stalk2",
            "stalk3",
            "stalk4",
            "stalk5",
            "stalk6"
          ]
        }
      },
      "on:death": {
        "queue_command": {
          "command": []
        }
      },
      "on:hurt": {
        "queue_command": {
          "command": []
        }
      },
      "on:hurt_by_player": {
        "queue_command": {
          "command": []
        }
      },
      "on:ignite": {
        "queue_command": {
          "command": []
        }
      },
      "on:target_acquired": {
        "randomize": [
          {
            "queue_command": {
              "command": [
                "function spotted_tornopen"
              ]
            },
            "weight": 1
          },
          {
            "queue_command": {
              "command": [
                "function spotted_tornopen2"
              ]
            },
            "weight": 1
          }
        ]
      },
      "on:target_escape": {
        "queue_command": {
          "command": []
        }
      },
      "on:wake_with_owner": {
        "queue_command": {
          "command": []
        }
      },
      "on:tick_action": {
        "randomize": []
      }
    }
  }
}