{
  "format_version": "1.21.0",
  "minecraft:entity": {
    "description": {
      "identifier": "spotted:theteethed",
      "spawn_category": "monster",
      "is_spawnable": false,
      "is_summonable": true,
      "is_experimental": false,
      "runtime_identifier": "minecraft:silverfish"
    },
    "component_groups": {
      "minecraft:silverfish_calm": {
        "minecraft:on_target_acquired": {
          "event": "minecraft:become_angry",
          "target": "self"
        }
      },
      "minecraft:silverfish_angry": {
        "minecraft:angry": {
          "duration": -1,
          "broadcast_anger": true,
          "broadcast_range": 20,
          "calm_event": {
            "event": "minecraft:on_calm",
            "target": "self"
          }
        },
        "minecraft:behavior.melee_box_attack": {
          "priority": 4,
          "track_target": true
        },
        "minecraft:behavior.silverfish_wake_up_friends": {
          "priority": 1
        }
      }
    },
    "components": {
      "minecraft:is_hidden_when_invisible": {},
      "minecraft:experience_reward": {
        "on_death": "query.last_hit_by_player ? 5 : 0"
      },
      "minecraft:type_family": {
        "family": [
          "silverfish",
          "monster",
          "lightweight",
          "mob",
          "arthropod"
        ]
      },
      "minecraft:nameable": {
        "alwaysShow": false,
        "allowNameTagRenaming": false
      },
      "minecraft:loot": {
        "table": "loot_tables/entities/silverfish.json"
      },
      "minecraft:health": {
        "value": 1,
        "max": 1
      },
      "minecraft:hurt_on_condition": {
        "damage_conditions": [
          {
            "filters": {
              "test": "in_lava",
              "subject": "self",
              "operator": "==",
              "value": true
            },
            "cause": "lava",
            "damage_per_tick": 4
          }
        ]
      },
      "minecraft:movement": {
        "value": 0
      },
      "minecraft:navigation.walk": {
        "can_path_over_water": true
      },
      "minecraft:movement.basic": {},
      "minecraft:jump.static": {},
      "minecraft:can_climb": {},
      "minecraft:collision_box": {
        "height": 0.0,
        "width": 0.0
      },
      "minecraft:despawn": {
        "despawn_from_distance": {}
      },
      "minecraft:behavior.float": {
        "priority": 1
      },
      "minecraft:behavior.silverfish_merge_with_stone": {
        "priority": 5
      },
      "minecraft:behavior.hurt_by_target": {
        "priority": 3
      },
      "minecraft:physics": {},
      "minecraft:pushable": {
        "is_pushable": true,
        "is_pushable_by_piston": true
      },
      "minecraft:conditional_bandwidth_optimization": {},
      "minecraft:block_climber": {},
      "minecraft:mob_effect_immunity": {
        "mob_effects": [
          "infested"
        ]
      },
      "minecraft:underwater_movement": {
        "value": 0.02
      },
      "minecraft:scale": {
        "value": 1
      },
      "minecraft:behavior.owner_hurt_by_target": {
        "priority": 1
      },
      "minecraft:behavior.owner_hurt_target": {
        "priority": 2
      },
      "minecraft:knockback_resistance": {
        "value": 1.0,
        "max": 1.0
      },
      "minecraft:timer": {
        "looping": true,
        "time": 0.25,
        "time_down_event": {
          "event": "on:tick_action"
        }
      },
      "minecraft:fire_immune": true
    },
    "events": {
      "minecraft:entity_spawned": {
        "remove": {},
        "add": {
          "component_groups": [
            "minecraft:silverfish_calm"
          ]
        }
      },
      "minecraft:become_angry": {
        "remove": {
          "minecraft:silverfish_calm": {}
        },
        "add": {
          "component_groups": [
            "minecraft:silverfish_angry"
          ]
        }
      },
      "minecraft:on_calm": {
        "remove": {
          "minecraft:silverfish_angry": {}
        },
        "add": {
          "component_groups": [
            "minecraft:silverfish_calm"
          ]
        }
      },
      "on:death": {
        "queue_command": {
          "command": []
        }
      },
      "on:hurt": {
        "queue_command": {
          "command": []
        }
      },
      "on:hurt_by_player": {
        "queue_command": {
          "command": []
        }
      },
      "on:ignite": {
        "queue_command": {
          "command": []
        }
      },
      "on:target_acquired": {
        "queue_command": {
          "command": []
        }
      },
      "on:target_escape": {
        "queue_command": {
          "command": []
        }
      },
      "on:wake_with_owner": {
        "queue_command": {
          "command": []
        }
      },
      "on:tick_action": {
        "randomize": [
          {
            "queue_command": {
              "command": [
                "function theteethed_chase"
              ]
            },
            "weight": 1
          },
          {
            "queue_command": {
              "command": [
                "function theteethed_chase2"
              ]
            },
            "weight": 1
          }
        ]
      }
    }
  }
}